{"stats":{"minecraft:used":{"minecraft:iron_shovel":113,"minecraft:iron_sword":213,"minecraft:iron_chestplate":1,"create:mechanical_bearing":1,"minecraft:torch":88,"minecraft:dirt":90,"create:cogwheel":11,"minecraft:carrot":4,"create:depot":3,"minecraft:wooden_axe":1,"minecraft:iron_axe":136,"minecraft:iron_helmet":1,"minecraft:iron_boots":1,"createcafe:cassava_seeds":9,"create:shaft":6,"minecraft:furnace":7,"alexsmobs:banana":1,"minecraft:iron_leggings":1,"minecraft:wheat_seeds":2,"minecraft:cooked_mutton":18,"minecraft:water_bucket":9,"regions_unexplored:silver_birch_log":14,"minecraft:stone_pickaxe":31,"minecraft:wooden_pickaxe":11,"minecraft:crafting_table":7,"minecraft:white_bed":3,"create:linear_chassis":10,"create:mechanical_press":4,"create:windmill_bearing":2,"minecraft:bread":3,"minecraft:iron_pickaxe":775,"create:large_water_wheel":3,"minecraft:stone_axe":9,"minecraft:cobblestone":10,"everycomp:q/regions_unexplored/mauve_chest":4,"minecraft:bucket":9,"create:hand_crank":3,"create:vertical_gearbox":1,"minecraft:bone_meal":16,"create:large_cogwheel":4},"minecraft:picked_up":{"creatingspace:raw_nickel":4,"minecraft:crafting_table":6,"minecraft:wheat":2,"create_new_age:thorium":14,"minecraft:chicken":1,"minecraft:leather_leggings":1,"minecraft:pink_wool":1,"minecraft:string":3,"minecraft:moss_carpet":3,"minecraft:raw_copper":100,"create:mechanical_press":3,"alexsmobs:banana":1,"createindustry:raw_lead":3,"minecraft:light_gray_wool":1,"create:linear_chassis":10,"minecraft:furnace":5,"minecraft:stick":5,"minecraft:raw_iron":76,"minecraft:torch":1,"create:andesite_casing":14,"createcafe:cassava_seeds":3,"create:windmill_bearing":2,"create:hand_crank":3,"minecraft:diorite":1,"minecraft:carrot":4,"regions_unexplored:daisy":8,"create:vertical_gearbox":1,"minecraft:arrow":5,"minecraft:rotten_flesh":26,"regions_unexplored:mauve_sapling":5,"createcafe:coffee_beans":3,"regions_unexplored:mauve_log":12,"create:depot":2,"minecraft:mutton":18,"minecraft:white_wool":6,"minecraft:cobblestone":104,"minecraft:feather":1,"minecraft:jungle_log":5,"minecraft:andesite":428,"minecraft:brown_wool":2,"create:raw_zinc":13,"minecraft:oak_log":4,"minecraft:gunpowder":4,"regions_unexplored:tassel":2,"minecraft:dirt":112,"minecraft:bone":3,"minecraft:kelp":13,"minecraft:wheat_seeds":12,"create:shaft":4,"minecraft:bamboo":21,"create:mechanical_bearing":1,"create:large_water_wheel":1,"create:cogwheel":2,"minecraft:white_bed":1,"regions_unexplored:chalk":5,"minecraft:spider_eye":1,"minecraft:mossy_cobblestone":3,"regions_unexplored:hyssop":17,"regions_unexplored:fireweed":6,"regions_unexplored:silver_birch_log":31,"alexsmobs:maggot":2,"minecraft:coal":149},"minecraft:broken":{"minecraft:iron_pickaxe":3},"minecraft:mined":{"create:zinc_ore":13,"minecraft:white_bed":1,"create:andesite_casing":14,"minecraft:jungle_leaves":2,"minecraft:grass_block":75,"minecraft:jungle_log":3,"create_new_age:thorium_ore":3,"create:depot":2,"minecraft:kelp":5,"minecraft:large_fern":1,"create:shaft":4,"minecraft:furnace":5,"minecraft:iron_ore":74,"regions_unexplored:mossy_stone":3,"minecraft:andesite":430,"create:windmill_bearing":2,"createindustry:lead_ore":3,"minecraft:vine":1,"regions_unexplored:medium_grass":13,"minecraft:bamboo":3,"regions_unexplored:chalk":5,"minecraft:stone":91,"regions_unexplored:windswept_grass":1,"create:mechanical_press":3,"create:cogwheel":1,"creatingspace:nickel_ore":4,"minecraft:kelp_plant":12,"minecraft:crafting_table":6,"minecraft:cobblestone":5,"minecraft:tall_grass":1,"minecraft:copper_ore":29,"regions_unexplored:mauve_log":12,"regions_unexplored:meadow_sage":1,"regions_unexplored:daisy":7,"minecraft:diorite":1,"create:large_water_wheel":1,"regions_unexplored:hyssop":10,"create:gearbox":1,"regions_unexplored:mauve_leaves":1,"minecraft:grass":18,"minecraft:oak_log":4,"minecraft:coal_ore":139,"create:mechanical_bearing":1,"create:hand_crank":1,"regions_unexplored:silver_birch_log":31,"minecraft:dirt":32,"create:linear_chassis":10,"regions_unexplored:tassel":1,"regions_unexplored:fireweed":4},"minecraft:killed":{"minecraft:spider":6,"minecraft:skeleton":6,"minecraft:chicken":1,"minecraft:zombie_villager":1,"minecraft:creeper":3,"minecraft:sheep":10,"minecraft:zombie":32,"alexsmobs:fly":1},"minecraft:custom":{"minecraft:mob_kills":61,"minecraft:interact_with_crafting_table":45,"minecraft:damage_dealt_resisted":317,"minecraft:leave_game":1,"minecraft:time_since_death":174602,"minecraft:climb_one_cm":602,"minecraft:sprint_one_cm":163904,"minecraft:walk_one_cm":572257,"minecraft:drop":8,"minecraft:damage_dealt_absorbed":79,"minecraft:play_time":174602,"minecraft:sneak_time":2007,"minecraft:walk_under_water_one_cm":9487,"minecraft:jump":1225,"minecraft:walk_on_water_one_cm":35178,"minecraft:total_world_time":174602,"minecraft:interact_with_furnace":25,"minecraft:sleep_in_bed":5,"minecraft:time_since_rest":26124,"minecraft:damage_taken":1310,"minecraft:damage_dealt":10223,"minecraft:swim_one_cm":36711,"minecraft:fly_one_cm":446268,"minecraft:open_chest":24,"minecraft:crouch_one_cm":4126,"minecraft:fall_one_cm":26481},"minecraft:dropped":{"minecraft:wheat_seeds":2,"regions_unexplored:tassel":2,"regions_unexplored:daisy":1,"minecraft:wooden_axe":1,"minecraft:bone_meal":26,"minecraft:wooden_pickaxe":1,"minecraft:stone_pickaxe":1},"minecraft:crafted":{"minecraft:oak_planks":16,"minecraft:iron_nugget":81,"minecraft:birch_slab":6,"minecraft:furnace":2,"minecraft:bone_meal":42,"create:mechanical_bearing":1,"minecraft:cooked_mutton":18,"everycomp:q/regions_unexplored/mauve_chest":4,"create:vertical_gearbox":1,"minecraft:iron_boots":1,"regions_unexplored:mauve_planks":48,"create:mechanical_press":1,"minecraft:iron_axe":1,"minecraft:stone_pickaxe":1,"create:cogwheel":11,"create:windmill_bearing":1,"create:depot":1,"create:andesite_alloy":32,"create:hand_crank":1,"minecraft:crafting_table":1,"create:mechanical_saw":3,"minecraft:wooden_pickaxe":1,"minecraft:iron_helmet":1,"minecraft:iron_sword":1,"create:large_water_wheel":2,"minecraft:bucket":1,"minecraft:birch_planks":44,"minecraft:stone_axe":1,"minecraft:air":0,"minecraft:jungle_planks":20,"create:gearbox":1,"minecraft:iron_chestplate":1,"create:water_wheel":2,"minecraft:shield":1,"minecraft:stick":32,"minecraft:iron_ingot":48,"create:linear_chassis":6,"minecraft:wooden_axe":1,"minecraft:iron_pickaxe":4,"minecraft:iron_block":1,"minecraft:iron_shovel":1,"minecraft:iron_leggings":1,"create:large_cogwheel":5,"minecraft:white_bed":2,"create:shaft":48,"minecraft:torch":84}},"DataVersion":3120}