{"stats":{"minecraft:killed_by":{"minecraft:creeper":1,"minecraft:zombie":1},"minecraft:used":{"minecraft:stone_sword":23,"minecraft:iron_shovel":41,"createindustry:large_steel_cogwheel":13,"minecraft:chest":2,"minecraft:shield":10,"minecraft:iron_sword":213,"minecraft:torch":36,"minecraft:dirt":5,"create:white_sail":186,"farmersdelight:carrot_crate":19,"minecraft:carrot":137,"create:wrench":35,"create:gearbox":10,"minecraft:iron_axe":89,"createcafe:cassava_seeds":28,"create:shaft":51,"minecraft:furnace":5,"minecraft:potato":19,"createindustry:steel_cogwheel":25,"minecraft:wheat_seeds":98,"minecraft:cooked_mutton":4,"minecraft:water_bucket":10,"minecraft:stone_pickaxe":224,"minecraft:wooden_pickaxe":21,"minecraft:crafting_table":6,"createcafe:coffee_beans":44,"minecraft:wooden_hoe":277,"create:windmill_bearing":1,"minecraft:bread":3,"endlessbiomes:encrusted_arkan":68,"minecraft:iron_pickaxe":904,"regions_unexplored:brimwood_stairs":5,"minecraft:stone_axe":17,"minecraft:cobblestone":68,"minecraft:cooked_porkchop":4,"create_crystal_clear:copper_glass_casing":368,"create:pink_toolbox":1,"createcasing:warped_shaft":2,"minecraft:bucket":10,"minecraft:bone_meal":29},"minecraft:picked_up":{"minecraft:cocoa_beans":4,"minecraft:charcoal":2,"minecraft:crafting_table":4,"minecraft:wheat":45,"regions_unexplored:magnolia_log":6,"minecraft:string":7,"minecraft:moss_carpet":1,"minecraft:raw_copper":84,"quark:jungle_ladder":3,"regions_unexplored:enchanted_birch_shrub":1,"createindustry:raw_lead":5,"minecraft:jungle_sapling":2,"minecraft:poppy":2,"minecraft:furnace":3,"createbigcannons:very_large_cast_mould":1,"minecraft:stick":1,"minecraft:raw_iron":299,"regions_unexplored:day_lily":1,"createcafe:coffee_fruit":59,"minecraft:torch":3,"minecraft:porkchop":10,"createcafe:cassava_seeds":46,"regions_unexplored:pink_magnolia_shrub":1,"createindustry:steel_cogwheel":4,"create:hand_crank":1,"minecraft:carrot":245,"regions_unexplored:daisy":26,"minecraft:arrow":16,"minecraft:rotten_flesh":18,"regions_unexplored:mauve_sapling":6,"createcafe:coffee_beans":52,"regions_unexplored:mauve_log":30,"quark:bamboo_block":8,"supplementaries:ash":3,"minecraft:mutton":5,"regions_unexplored:brimwood_stairs":1,"minecraft:white_wool":3,"minecraft:cobblestone":211,"minecraft:oxeye_daisy":1,"minecraft:feather":2,"minecraft:jungle_log":12,"minecraft:andesite":348,"minecraft:brown_wool":1,"minecraft:potato":16,"regions_unexplored:meadow_sage":2,"create:raw_zinc":12,"farmersdelight:carrot_crate":3,"minecraft:lapis_lazuli":33,"minecraft:dirt":75,"regions_unexplored:aster":1,"minecraft:bone":12,"minecraft:wheat_seeds":174,"minecraft:stone_pickaxe":1,"minecraft:bamboo":6,"create:mechanical_saw":1,"goodending:spicy_wildflowers":2,"minecraft:dandelion":2,"minecraft:gravel":4,"minecraft:jungle_slab":16,"minecraft:spider_eye":1,"minecraft:mossy_cobblestone":2,"regions_unexplored:hyssop":73,"regions_unexplored:fireweed":53,"regions_unexplored:silver_birch_log":7,"minecraft:bone_meal":26,"minecraft:emerald":11,"alexsmobs:maggot":2,"createcafe:cassava_root":74,"minecraft:coal":207,"create:pink_toolbox":1},"minecraft:broken":{"minecraft:stone_pickaxe":1,"minecraft:iron_pickaxe":3,"minecraft:wooden_hoe":2},"minecraft:mined":{"create:zinc_ore":12,"minecraft:jungle_slab":8,"farmersdelight:wild_carrots":6,"minecraft:jungle_leaves":6,"regions_unexplored:magnolia_log":9,"quark:jungle_vertical_slab":1,"regions_unexplored:pink_magnolia_shrub":1,"minecraft:grass_block":13,"minecraft:jungle_log":12,"regions_unexplored:aster":1,"minecraft:oxeye_daisy":1,"minecraft:furnace":3,"minecraft:carrots":60,"supplementaries:ash":1,"quark:bamboo_block":4,"minecraft:iron_ore":303,"regions_unexplored:mossy_stone":2,"minecraft:andesite":351,"minecraft:moss_carpet":1,"createcafe:coffee_crop":17,"createindustry:lead_ore":5,"minecraft:potatoes":4,"regions_unexplored:enchanted_birch_shrub":1,"minecraft:dirt_path":1,"minecraft:stripped_jungle_log":8,"goodending:spicy_wildflowers":2,"regions_unexplored:medium_grass":92,"minecraft:stone":209,"regions_unexplored:day_lily":1,"regions_unexplored:windswept_grass":11,"regions_unexplored:enchanted_birch_leaf_pile":1,"regions_unexplored:white_magnolia_leaves":1,"minecraft:dandelion":1,"minecraft:crafting_table":5,"minecraft:emerald_ore":11,"minecraft:poppy":2,"farmersdelight:carrot_crate":3,"minecraft:campfire":1,"createcafe:cassava_crop":19,"minecraft:cobblestone":4,"minecraft:copper_ore":25,"minecraft:tall_grass":14,"regions_unexplored:mauve_log":30,"regions_unexplored:meadow_sage":1,"minecraft:lapis_ore":4,"regions_unexplored:daisy":22,"create:mechanical_saw":1,"culturaldelights:wild_corn":4,"regions_unexplored:hyssop":65,"minecraft:wheat":46,"regions_unexplored:mauve_leaves":7,"minecraft:grass":183,"minecraft:coal_ore":208,"minecraft:cocoa":2,"regions_unexplored:silver_birch_log":8,"create:hand_crank":1,"minecraft:gravel":6,"minecraft:dirt":9,"regions_unexplored:fireweed":36,"minecraft:fern":2},"minecraft:killed":{"minecraft:spider":3,"alexsmobs:seagull":1,"minecraft:skeleton":13,"minecraft:pig":4,"minecraft:sheep":5,"minecraft:zombie":18,"minecraft:enderman":1},"minecraft:custom":{"minecraft:mob_kills":47,"minecraft:interact_with_crafting_table":26,"goblintraders:trade_with_goblin":38,"minecraft:damage_dealt_resisted":5,"minecraft:leave_game":1,"minecraft:time_since_death":113793,"minecraft:climb_one_cm":5170,"minecraft:sprint_one_cm":123648,"minecraft:walk_one_cm":772387,"minecraft:damage_blocked_by_shield":265,"minecraft:drop":29,"minecraft:play_time":273661,"minecraft:deaths":2,"minecraft:sneak_time":995,"minecraft:walk_under_water_one_cm":6375,"minecraft:jump":1274,"minecraft:walk_on_water_one_cm":14097,"minecraft:total_world_time":273661,"minecraft:interact_with_furnace":37,"minecraft:sleep_in_bed":5,"minecraft:time_since_rest":113825,"minecraft:damage_taken":1425,"minecraft:damage_dealt":8452,"minecraft:fly_one_cm":141014,"minecraft:open_chest":19,"minecraft:crouch_one_cm":99,"minecraft:fall_one_cm":11744},"minecraft:dropped":{"regions_unexplored:fireweed":51,"minecraft:wheat_seeds":4,"minecraft:cobblestone":5,"regions_unexplored:daisy":24,"minecraft:oxeye_daisy":1,"regions_unexplored:enchanted_birch_shrub":1,"minecraft:dirt":74,"minecraft:jungle_slab":16,"minecraft:dandelion":2,"minecraft:moss_carpet":1,"minecraft:rotten_flesh":10,"quark:bamboo_block":4,"regions_unexplored:hyssop":66,"regions_unexplored:mauve_log":26,"createcafe:cassava_seeds":1,"minecraft:poppy":2,"regions_unexplored:brimwood_stairs":1,"createcasing:warped_shaft":1,"regions_unexplored:meadow_sage":1},"minecraft:crafted":{"quark:jungle_chest":2,"minecraft:furnace":2,"minecraft:bone_meal":3,"minecraft:cooked_mutton":5,"minecraft:iron_boots":1,"farmersdelight:carrot_crate":16,"minecraft:iron_axe":1,"minecraft:stone_pickaxe":2,"minecraft:chest":2,"regions_unexplored:magnolia_planks":16,"minecraft:emerald":3,"minecraft:cooked_porkchop":10,"minecraft:crafting_table":3,"minecraft:wooden_pickaxe":1,"minecraft:iron_helmet":1,"quark:vertical_jungle_planks":3,"minecraft:iron_sword":1,"minecraft:copper_ingot":60,"minecraft:bucket":1,"minecraft:stone_axe":1,"minecraft:air":0,"minecraft:jungle_planks":48,"minecraft:wooden_hoe":3,"minecraft:iron_chestplate":1,"minecraft:shield":1,"minecraft:stick":67,"minecraft:iron_ingot":235,"minecraft:iron_pickaxe":6,"minecraft:stone_sword":1,"minecraft:iron_shovel":2,"minecraft:iron_leggings":1,"minecraft:torch":52,"quark:rope":3}},"DataVersion":3120}