{
  "minecraft:recipes/tools/fishing_rod": {
    "criteria": {
      "has_string": "2024-10-24 19:12:10 +0000"
    },
    "done": true
  },
  "minecraft:recipes/decorations/smoker": {
    "criteria": {
      "has_furnace": "2024-10-24 17:50:54 +0000"
    },
    "done": true
  },
  "minecraft:recipes/food/cooked_mutton_from_campfire_cooking": {
    "criteria": {
      "has_mutton": "2024-10-24 17:53:48 +0000"
    },
    "done": true
  },
  "everycomp:recipes/everycomp/ddr/regions_unexplored/magnolia_countertop": {
    "criteria": {
      "has_planks": "2024-10-24 17:45:28 +0000"
    },
    "done": true
  },
  "extradelight:recipes/extradelight.items/wooden_spoon": {
    "criteria": {
      "Recipes": "2024-10-24 17:32:29 +0000"
    },
    "done": true
  },
  "create:recipes/create.base/blasting/zinc_ingot_from_raw_ore": {
    "criteria": {
      "has_item": "2024-10-24 18:45:31 +0000"
    },
    "done": true
  },
  "create:wrench_goggles": {
    "criteria": {
      "0": "2024-10-24 20:03:08 +0000",
      "1": "2024-10-24 20:02:57 +0000"
    },
    "done": true
  },
  "minecraft:recipes/redstone/lever": {
    "criteria": {
      "has_cobblestone": "2024-10-24 17:33:11 +0000"
    },
    "done": true
  },
  "farmersdelight:recipes/farmersdelight/organic_compost_from_rotten_flesh": {
    "criteria": {
      "has_rotten_flesh": "2024-10-24 18:32:40 +0000"
    },
    "done": true
  },
  "minecraft:recipes/combat/iron_sword": {
    "criteria": {
      "has_iron_ingot": "2024-10-24 17:51:38 +0000"
    },
    "done": true
  },
  "extradelight:recipes/extradelight.aesthetic/crimson_step_stool": {
    "criteria": {
      "crimson_step_stool": "2024-10-24 17:28:59 +0000"
    },
    "done": true
  },
  "create:recipes/create.palettes/cut_andesite_slab_from_stone_types_andesite_stonecutting": {
    "criteria": {
      "has_stone_types_andesite": "2024-10-24 18:37:44 +0000"
    },
    "done": true
  },
  "create:recipes/create.base/crafting/appliances/copper_backtank": {
    "criteria": {
      "has_item": "2024-10-24 18:44:07 +0000"
    },
    "done": true
  },
  "design_decor:recipes/design_decor/metal_plate_slab_from_ingots_iron_stonecutting": {
    "criteria": {
      "has_ingots_iron": "2024-10-24 17:51:38 +0000"
    },
    "done": true
  },
  "minecraft:recipes/building_blocks/lime_concrete_powder": {
    "criteria": {
      "has_gravel": "2024-10-24 18:38:24 +0000"
    },
    "done": true
  },
  "minecraft:recipes/tools/iron_pickaxe": {
    "criteria": {
      "has_iron_ingot": "2024-10-24 17:51:38 +0000"
    },
    "done": true
  },
  "create:recipes/create.base/crafting/appliances/copper_diving_boots": {
    "criteria": {
      "has_item": "2024-10-24 18:44:07 +0000"
    },
    "done": true
  },
  "minecraft:recipes/building_blocks/yellow_concrete_powder": {
    "criteria": {
      "has_gravel": "2024-10-24 18:38:24 +0000"
    },
    "done": true
  },
  "regions_unexplored:recipes/ru_main/joshua_boat": {
    "criteria": {
      "in_water": "2024-10-24 17:39:57 +0000"
    },
    "done": true
  },
  "minecraft:recipes/decorations/crafting_table": {
    "criteria": {
      "has_planks": "2024-10-24 17:32:29 +0000"
    },
    "done": true
  },
  "extradelight:recipes/misc/mortar/bone_meal": {
    "criteria": {
      "Recipes": "2024-10-24 19:46:24 +0000"
    },
    "done": true
  },
  "minecraft:recipes/building_blocks/magenta_wool": {
    "criteria": {
      "has_white_wool": "2024-10-24 17:53:48 +0000"
    },
    "done": true
  },
  "create:recipes/create.palettes/crafting/kinetics/light_gray_seat": {
    "criteria": {
      "has_wool": "2024-10-24 17:53:48 +0000"
    },
    "done": true
  },
  "regions_unexplored:recipes/ru_main/silver_birch_wood": {
    "criteria": {
      "has_log": "2024-10-24 18:32:20 +0000"
    },
    "done": true
  },
  "minecraft:recipes/building_blocks/copper_block": {
    "criteria": {
      "has_copper_ingot": "2024-10-24 18:44:07 +0000"
    },
    "done": true
  },
  "minecraft:recipes/decorations/ladder": {
    "criteria": {
      "has_stick": "2024-10-24 17:28:59 +0000"
    },
    "done": true
  },
  "farmersdelight:recipes/farmersdelight/pie_crust": {
    "criteria": {
      "has_wheat": "2024-10-24 19:46:36 +0000"
    },
    "done": true
  },
  "minecraft:recipes/decorations/chest": {
    "criteria": {
      "has_lots_of_items": "2024-10-24 17:31:48 +0000"
    },
    "done": true
  },
  "create:recipes/create.palettes/copper_shingles_from_ingots_copper_stonecutting": {
    "criteria": {
      "has_ingots_copper": "2024-10-24 18:44:07 +0000"
    },
    "done": true
  },
  "minecraft:end/elytra": {
    "criteria": {
      "elytra": "2024-10-24 20:01:25 +0000"
    },
    "done": true
  },
  "minecraft:recipes/transportation/mangrove_boat": {
    "criteria": {
      "in_water": "2024-10-24 17:39:57 +0000"
    },
    "done": true
  },
  "extradelight:recipes/extradelight.aesthetic/spruce_step_stool": {
    "criteria": {
      "spruce_step_stool": "2024-10-24 17:28:59 +0000"
    },
    "done": true
  },
  "minecraft:recipes/tools/wooden_shovel": {
    "criteria": {
      "has_stick": "2024-10-24 17:28:59 +0000"
    },
    "done": true
  },
  "extradelight:recipes/extradelight.aesthetic/ribbon_bow_gray": {
    "criteria": {
      "gray_bow": "2024-10-24 17:53:48 +0000"
    },
    "done": true
  },
  "minecraft:recipes/decorations/torch": {
    "criteria": {
      "has_stone_pickaxe": "2024-10-24 17:33:45 +0000"
    },
    "done": true
  },
  "farmersdelight:recipes/farmersdelight/cooking/vegetable_soup": {
    "criteria": {
      "has_any_ingredient": "2024-10-24 19:23:01 +0000"
    },
    "done": true
  },
  "create:recipes/create.palettes/industrial_iron_block_from_ingots_iron_stonecutting": {
    "criteria": {
      "has_ingots_iron": "2024-10-24 17:51:38 +0000"
    },
    "done": true
  },
  "minecraft:recipes/tools/shears": {
    "criteria": {
      "has_iron_ingot": "2024-10-24 17:51:38 +0000"
    },
    "done": true
  },
  "minecraft:recipes/misc/stick": {
    "criteria": {
      "has_planks": "2024-10-24 17:32:29 +0000"
    },
    "done": true
  },
  "minecraft:recipes/building_blocks/mossy_cobblestone_slab_from_mossy_cobblestone_stonecutting": {
    "criteria": {
      "has_mossy_cobblestone": "2024-10-24 19:52:19 +0000"
    },
    "done": true
  },
  "minecraft:recipes/misc/flower_banner_pattern": {
    "criteria": {
      "has_oxeye_daisy": "2024-10-24 19:16:59 +0000"
    },
    "done": true
  },
  "create:recipes/create.palettes/crafting/kinetics/yellow_seat": {
    "criteria": {
      "has_wool": "2024-10-24 17:53:48 +0000"
    },
    "done": true
  },
  "minecraft:recipes/building_blocks/emerald_block": {
    "criteria": {
      "has_emerald": "2024-10-24 17:51:49 +0000"
    },
    "done": true
  },
  "extradelight:recipes/extradelight.aesthetic/ribbon_bow_light_blue": {
    "criteria": {
      "light_blue_bow": "2024-10-24 17:53:48 +0000"
    },
    "done": true
  },
  "regions_unexplored:recipes/ru_main/blackwood_boat": {
    "criteria": {
      "in_water": "2024-10-24 17:39:57 +0000"
    },
    "done": true
  },
  "extradelight:recipes/extradelight.items/mixing_bowl": {
    "criteria": {
      "Recipes": "2024-10-24 17:32:29 +0000"
    },
    "done": true
  },
  "minecraft:recipes/combat/iron_leggings": {
    "criteria": {
      "has_iron_ingot": "2024-10-24 17:51:38 +0000"
    },
    "done": true
  },
  "regions_unexplored:recipes/ru_main/baobab_boat": {
    "criteria": {
      "in_water": "2024-10-24 17:39:57 +0000"
    },
    "done": true
  },
  "minecraft:recipes/combat/shield": {
    "criteria": {
      "has_iron_ingot": "2024-10-24 17:51:38 +0000"
    },
    "done": true
  },
  "minecraft:recipes/decorations/brown_banner": {
    "criteria": {
      "has_brown_wool": "2024-10-24 17:55:35 +0000"
    },
    "done": true
  },
  "regions_unexplored:recipes/ru_main/larch_boat": {
    "criteria": {
      "in_water": "2024-10-24 17:39:57 +0000"
    },
    "done": true
  },
  "minecraft:recipes/building_blocks/cobblestone_slab": {
    "criteria": {
      "has_cobblestone": "2024-10-24 17:33:11 +0000"
    },
    "done": true
  },
  "decorative_blocks:recipes/decorative_blocks.general/lattice": {
    "criteria": {
      "has_stick": "2024-10-24 17:28:59 +0000"
    },
    "done": true
  },
  "extradelight:recipes/extradelight.aesthetic/ribbon_bow_brown": {
    "criteria": {
      "brown_bow": "2024-10-24 17:53:48 +0000"
    },
    "done": true
  },
  "farmersrespite:recipes/farmersrespite/brewing/dandelion_tea": {
    "criteria": {
      "has_any_ingredient": "2024-10-24 19:16:59 +0000"
    },
    "done": true
  },
  "create:recipes/create.base/crafting/materials/copper_nugget": {
    "criteria": {
      "has_item": "2024-10-24 18:44:07 +0000"
    },
    "done": true
  },
  "design_decor:recipes/design_decor/diagonal_metal_support_from_ingots_iron_stonecutting": {
    "criteria": {
      "has_ingots_iron": "2024-10-24 17:51:38 +0000"
    },
    "done": true
  },
  "minecraft:recipes/redstone/hopper": {
    "criteria": {
      "has_iron_ingot": "2024-10-24 17:51:38 +0000"
    },
    "done": true
  },
  "create:recipes/building_blocks/andesite_from_stone_types_andesite_stonecutting": {
    "criteria": {
      "has_stone_types_andesite": "2024-10-24 18:37:44 +0000"
    },
    "done": true
  },
  "minecraft:recipes/building_blocks/coarse_dirt": {
    "criteria": {
      "has_gravel": "2024-10-24 18:38:24 +0000"
    },
    "done": true
  },
  "create:recipes/create.palettes/crafting/kinetics/lime_seat": {
    "criteria": {
      "has_wool": "2024-10-24 17:53:48 +0000"
    },
    "done": true
  },
  "minecraft:recipes/building_blocks/mossy_cobblestone_stairs_from_mossy_cobblestone_stonecutting": {
    "criteria": {
      "has_mossy_cobblestone": "2024-10-24 19:52:19 +0000"
    },
    "done": true
  },
  "regions_unexplored:recipes/ru_main/light_blue_painted_planks": {
    "criteria": {
      "has_planks": "2024-10-24 17:32:29 +0000"
    },
    "done": true
  },
  "farmersdelight:recipes/farmersdelight/cooking/beef_stew": {
    "criteria": {
      "has_any_ingredient": "2024-10-24 19:23:01 +0000"
    },
    "done": true
  },
  "createindustry:recipes/createindustry.building/copper_truss_from_ingots_copper_stonecutting": {
    "criteria": {
      "has_ingots_copper": "2024-10-24 18:44:07 +0000"
    },
    "done": true
  },
  "extradelight:recipes/extradelight.items/offset_spatula_wood": {
    "criteria": {
      "Recipes": "2024-10-24 17:32:29 +0000"
    },
    "done": true
  },
  "regions_unexplored:pioneer": {
    "criteria": {
      "mauve_hills": "2024-10-24 18:32:09 +0000",
      "grassy_beach": "2024-10-24 18:35:01 +0000",
      "rocky_meadow": "2024-10-24 18:30:12 +0000",
      "magnolia_highlands": "2024-10-24 17:31:18 +0000",
      "deciduous_forest": "2024-10-24 19:09:26 +0000",
      "grassland": "2024-10-24 19:09:48 +0000"
    },
    "done": false
  },
  "minecraft:recipes/building_blocks/light_gray_concrete_powder": {
    "criteria": {
      "has_gravel": "2024-10-24 18:38:24 +0000"
    },
    "done": true
  },
  "farmersdelight:recipes/farmersdelight/cooking/vegetable_noodles": {
    "criteria": {
      "has_any_ingredient": "2024-10-24 19:23:01 +0000"
    },
    "done": true
  },
  "create:windmill": {
    "criteria": {
      "0": "2024-10-24 20:31:35 +0000"
    },
    "done": true
  },
  "minecraft:recipes/building_blocks/pink_concrete_powder": {
    "criteria": {
      "has_gravel": "2024-10-24 18:38:24 +0000"
    },
    "done": true
  },
  "idas:idas_root": {
    "criteria": {
      "always": "2024-10-24 17:28:32 +0000"
    },
    "done": true
  },
  "sophisticatedstorage:recipes/sophisticatedstorage/jungle_barrel": {
    "criteria": {
      "has_jungle_plank": "2024-10-24 17:32:29 +0000"
    },
    "done": true
  },
  "create:recipes/create.palettes/cut_andesite_bricks_from_stone_types_andesite_stonecutting": {
    "criteria": {
      "has_stone_types_andesite": "2024-10-24 18:37:44 +0000"
    },
    "done": true
  },
  "design_decor:recipes/design_decor/metal_plate_from_ingots_iron_stonecutting": {
    "criteria": {
      "has_ingots_iron": "2024-10-24 17:51:38 +0000"
    },
    "done": true
  },
  "extradelight:recipes/extradelight.items/oven": {
    "criteria": {
      "Recipes": "2024-10-24 17:50:54 +0000"
    },
    "done": true
  },
  "minecraft:recipes/decorations/iron_bars": {
    "criteria": {
      "has_iron_ingot": "2024-10-24 17:51:38 +0000"
    },
    "done": true
  },
  "minecraft:recipes/building_blocks/andesite_stairs_from_andesite_stonecutting": {
    "criteria": {
      "has_andesite": "2024-10-24 18:37:44 +0000"
    },
    "done": true
  },
  "takesapillage:root": {
    "criteria": {
      "always": "2024-10-24 17:28:32 +0000"
    },
    "done": true
  },
  "minecraft:recipes/building_blocks/blue_wool": {
    "criteria": {
      "has_white_wool": "2024-10-24 17:53:48 +0000"
    },
    "done": true
  },
  "minecraft:story/obtain_armor": {
    "criteria": {
      "iron_chestplate": "2024-10-24 18:13:39 +0000"
    },
    "done": true
  },
  "create:recipes/create.base/smelting/zinc_ingot_from_raw_ore": {
    "criteria": {
      "has_item": "2024-10-24 18:45:31 +0000"
    },
    "done": true
  },
  "extradelight:recipes/extradelight.items/omelette_mix_veg_cheese": {
    "criteria": {
      "Recipes": "2024-10-24 19:23:01 +0000"
    },
    "done": true
  },
  "minecraft:recipes/brewing/cauldron": {
    "criteria": {
      "has_water_bucket": "2024-10-24 18:35:09 +0000"
    },
    "done": true
  },
  "handcrafted:recipes/misc/brown_sheet": {
    "criteria": {
      "has_sheet": "2024-10-24 17:55:35 +0000"
    },
    "done": true
  },
  "minecraft:adventure/sleep_in_bed": {
    "criteria": {
      "slept_in_bed": "2024-10-24 18:31:39 +0000"
    },
    "done": true
  },
  "createbigcannons:recipes/createbigcannons/bag_of_grapeshot": {
    "criteria": {
      "has_iron_ingot": "2024-10-24 17:51:38 +0000"
    },
    "done": true
  },
  "extradelight:recipes/brewing/mortar/blaze_powder": {
    "criteria": {
      "Recipes": "2024-10-24 19:46:24 +0000"
    },
    "done": true
  },
  "minecraft:recipes/building_blocks/cobblestone_slab_from_cobblestone_stonecutting": {
    "criteria": {
      "has_cobblestone": "2024-10-24 17:33:11 +0000"
    },
    "done": true
  },
  "design_decor:recipes/design_decor/andesite_castel_brick_slab_from_stone_types_andesite_stonecutting": {
    "criteria": {
      "has_stone_types_andesite": "2024-10-24 18:37:44 +0000"
    },
    "done": true
  },
  "create:recipes/create.palettes/crafting/kinetics/red_seat": {
    "criteria": {
      "has_wool": "2024-10-24 17:53:48 +0000"
    },
    "done": true
  },
  "shieldexp:recipes/iron_shield": {
    "criteria": {
      "has_iron_ingot": "2024-10-24 17:51:38 +0000"
    },
    "done": true
  },
  "regions_unexplored:recipes/ru_main/black_painted_planks": {
    "criteria": {
      "has_planks": "2024-10-24 17:32:29 +0000"
    },
    "done": true
  },
  "farmersdelight:recipes/farmersdelight/roasted_mutton_chops": {
    "criteria": {
      "has_mutton": "2024-10-24 18:01:52 +0000"
    },
    "done": true
  },
  "minecraft:recipes/building_blocks/polished_andesite_slab_from_andesite_stonecutting": {
    "criteria": {
      "has_andesite": "2024-10-24 18:37:44 +0000"
    },
    "done": true
  },
  "create:recipes/create.palettes/polished_cut_andesite_from_stone_types_andesite_stonecutting": {
    "criteria": {
      "has_stone_types_andesite": "2024-10-24 18:37:44 +0000"
    },
    "done": true
  },
  "minecraft:recipes/misc/copper_ingot_from_blasting_raw_copper": {
    "criteria": {
      "has_raw_copper": "2024-10-24 18:40:07 +0000"
    },
    "done": true
  },
  "minecraft:recipes/transportation/acacia_boat": {
    "criteria": {
      "in_water": "2024-10-24 17:39:57 +0000"
    },
    "done": true
  },
  "extradelight:recipes/extradelight.aesthetic/warped_step_stool": {
    "criteria": {
      "warped_step_stool": "2024-10-24 17:28:59 +0000"
    },
    "done": true
  },
  "minecraft:recipes/redstone/iron_trapdoor": {
    "criteria": {
      "has_iron_ingot": "2024-10-24 17:51:38 +0000"
    },
    "done": true
  },
  "extradelight:recipes/extradelight.aesthetic/jungle_spice_rack": {
    "criteria": {
      "jungle_spice_rack": "2024-10-24 19:18:56 +0000"
    },
    "done": true
  },
  "createbigcannons:recipes/createbigcannons/solid_shot": {
    "criteria": {
      "has_iron_ingot": "2024-10-24 17:51:38 +0000"
    },
    "done": true
  },
  "design_decor:recipes/design_decor/andesite_castel_tile_slab_from_stone_types_andesite_stonecutting": {
    "criteria": {
      "has_stone_types_andesite": "2024-10-24 18:37:44 +0000"
    },
    "done": true
  },
  "farmersdelight:recipes/farmersdelight/cutting_board": {
    "criteria": {
      "has_stick": "2024-10-24 17:28:59 +0000"
    },
    "done": true
  },
  "minecraft:adventure/root": {
    "criteria": {
      "killed_by_something": "2024-10-24 17:34:19 +0000"
    },
    "done": true
  },
  "farmersdelight:recipes/food/carrot_from_crate": {
    "criteria": {
      "has_carrot_crate": "2024-10-24 21:13:49 +0000"
    },
    "done": true
  },
  "everycomp:recipes/everycomp/db/regions_unexplored/magnolia_palisade": {
    "criteria": {
      "has_planks": "2024-10-24 17:45:28 +0000"
    },
    "done": true
  },
  "extradelight:recipes/misc/mortar/blue_dye": {
    "criteria": {
      "Recipes": "2024-10-24 18:45:47 +0000"
    },
    "done": true
  },
  "minecraft:recipes/building_blocks/white_concrete_powder": {
    "criteria": {
      "has_gravel": "2024-10-24 18:38:24 +0000"
    },
    "done": true
  },
  "minecraft:recipes/decorations/jungle_fence": {
    "criteria": {
      "has_planks": "2024-10-24 17:32:29 +0000"
    },
    "done": true
  },
  "shieldexp:recipes/wooden_shield": {
    "criteria": {
      "has_stick": "2024-10-24 17:28:59 +0000"
    },
    "done": true
  },
  "minecraft:recipes/building_blocks/white_wool_from_string": {
    "criteria": {
      "has_string": "2024-10-24 19:12:10 +0000"
    },
    "done": true
  },
  "create:recipes/create.palettes/small_andesite_brick_stairs_from_stone_types_andesite_stonecutting": {
    "criteria": {
      "has_stone_types_andesite": "2024-10-24 18:37:44 +0000"
    },
    "done": true
  },
  "minecraft:recipes/redstone/lightning_rod": {
    "criteria": {
      "has_copper_ingot": "2024-10-24 18:44:07 +0000"
    },
    "done": true
  },
  "minecraft:adventure/kill_all_mobs": {
    "criteria": {
      "minecraft:skeleton": "2024-10-24 17:47:54 +0000",
      "minecraft:spider": "2024-10-24 19:12:10 +0000",
      "minecraft:enderman": "2024-10-24 21:07:49 +0000",
      "minecraft:zombie": "2024-10-24 17:57:09 +0000"
    },
    "done": false
  },
  "everycomp:recipes/everycomp/hc/regions_unexplored/magnolia_couch": {
    "criteria": {
      "has_planks": "2024-10-24 17:45:28 +0000"
    },
    "done": true
  },
  "farmersdelight:recipes/farmersdelight/cooking_pot": {
    "criteria": {
      "has_iron_ingot": "2024-10-24 17:51:38 +0000"
    },
    "done": true
  },
  "everycomp:recipes/everycomp/db/regions_unexplored/magnolia_seat": {
    "criteria": {
      "has_planks": "2024-10-24 17:45:28 +0000"
    },
    "done": true
  },
  "minecraft:recipes/decorations/brown_bed": {
    "criteria": {
      "has_brown_wool": "2024-10-24 17:55:35 +0000"
    },
    "done": true
  },
  "minecraft:recipes/misc/iron_nugget_from_smelting": {
    "criteria": {
      "has_iron_pickaxe": "2024-10-24 17:51:43 +0000"
    },
    "done": true
  },
  "minecraft:recipes/food/cooked_mutton_from_smoking": {
    "criteria": {
      "has_mutton": "2024-10-24 17:53:48 +0000"
    },
    "done": true
  },
  "regions_unexplored:recipes/ru_main/cypress_boat": {
    "criteria": {
      "in_water": "2024-10-24 17:39:57 +0000"
    },
    "done": true
  },
  "regions_unexplored:recipes/ru_main/light_gray_painted_planks": {
    "criteria": {
      "has_planks": "2024-10-24 17:32:29 +0000"
    },
    "done": true
  },
  "everycomp:recipes/everycomp/ddr/regions_unexplored/magnolia_stool": {
    "criteria": {
      "has_planks": "2024-10-24 17:45:28 +0000"
    },
    "done": true
  },
  "extradelight:recipes/misc/mortar/brown_dye": {
    "criteria": {
      "Recipes": "2024-10-24 17:30:31 +0000"
    },
    "done": true
  },
  "minecraft:recipes/decorations/chain": {
    "criteria": {
      "has_iron_ingot": "2024-10-24 17:51:38 +0000"
    },
    "done": true
  },
  "create_dd:recipes/create_dd.base/crafting/bury_blend": {
    "criteria": {
      "has_lapis_lazuli": "2024-10-24 18:45:47 +0000"
    },
    "done": true
  },
  "regions_unexplored:recipes/ru_main/mauve_boat": {
    "criteria": {
      "in_water": "2024-10-24 17:39:57 +0000"
    },
    "done": true
  },
  "create:recipes/create.palettes/cut_andesite_brick_wall_from_stone_types_andesite_stonecutting": {
    "criteria": {
      "has_stone_types_andesite": "2024-10-24 18:37:44 +0000"
    },
    "done": true
  },
  "minecraft:recipes/misc/blue_dye": {
    "criteria": {
      "has_lapis_lazuli": "2024-10-24 18:45:47 +0000"
    },
    "done": true
  },
  "regions_unexplored:recipes/ru_main/pink_painted_planks": {
    "criteria": {
      "has_planks": "2024-10-24 17:32:29 +0000"
    },
    "done": true
  },
  "design_decor:recipes/design_decor/metal_sheet_wall_from_ingots_iron_stonecutting": {
    "criteria": {
      "has_ingots_iron": "2024-10-24 17:51:38 +0000"
    },
    "done": true
  },
  "regions_unexplored:recipes/ru_main/magnolia_door": {
    "criteria": {
      "has_magnolia_planks": "2024-10-24 17:45:28 +0000"
    },
    "done": true
  },
  "minecraft:recipes/food/cooked_porkchop": {
    "criteria": {
      "has_porkchop": "2024-10-24 17:53:10 +0000"
    },
    "done": true
  },
  "minecraft:recipes/food/baked_potato_from_campfire_cooking": {
    "criteria": {
      "has_potato": "2024-10-24 19:43:15 +0000"
    },
    "done": true
  },
  "minecraft:recipes/building_blocks/orange_concrete_powder": {
    "criteria": {
      "has_gravel": "2024-10-24 18:38:24 +0000"
    },
    "done": true
  },
  "createbigcannons:recipes/createbigcannons/mortar_stone": {
    "criteria": {
      "has_stone": "2024-10-24 18:37:44 +0000"
    },
    "done": true
  },
  "regions_unexplored:recipes/ru_main/mossy_stone_from_blasting_mossy_cobblestone": {
    "criteria": {
      "has_mossy_cobblestone": "2024-10-24 19:52:19 +0000"
    },
    "done": true
  },
  "regions_unexplored:recipes/misc/light_blue_dye_from_aster": {
    "criteria": {
      "has_aster": "2024-10-24 19:42:43 +0000"
    },
    "done": true
  },
  "decoration_delight:the_search_begins_advancement": {
    "criteria": {
      "the_search_begins_advancement": "2024-10-24 17:28:32 +0000"
    },
    "done": true
  },
  "sophisticatedstorage:recipes/sophisticatedstorage/jungle_chest": {
    "criteria": {
      "has_jungle_plank": "2024-10-24 17:32:29 +0000"
    },
    "done": true
  },
  "minecraft:recipes/building_blocks/raw_copper_block": {
    "criteria": {
      "has_raw_copper": "2024-10-24 18:40:07 +0000"
    },
    "done": true
  },
  "minecraft:recipes/food/cooked_porkchop_from_campfire_cooking": {
    "criteria": {
      "has_porkchop": "2024-10-24 17:53:10 +0000"
    },
    "done": true
  },
  "minecraft:recipes/redstone/jungle_pressure_plate": {
    "criteria": {
      "has_planks": "2024-10-24 17:32:29 +0000"
    },
    "done": true
  },
  "regions_unexplored:recipes/ru_main/white_painted_planks": {
    "criteria": {
      "has_planks": "2024-10-24 17:32:29 +0000"
    },
    "done": true
  },
  "minecraft:recipes/building_blocks/black_wool": {
    "criteria": {
      "has_white_wool": "2024-10-24 17:53:48 +0000"
    },
    "done": true
  },
  "design_decor:recipes/design_decor/andesite_castel_bricks_from_stone_types_andesite_stonecutting": {
    "criteria": {
      "has_stone_types_andesite": "2024-10-24 18:37:44 +0000"
    },
    "done": true
  },
  "regions_unexplored:recipes/misc/orange_dye_from_day_lily": {
    "criteria": {
      "has_day_lily": "2024-10-24 17:37:11 +0000"
    },
    "done": true
  },
  "crabbersdelight:recipes/misc/bucket_of_crab_chum": {
    "criteria": {
      "has_bone_meal": "2024-10-24 19:46:24 +0000"
    },
    "done": true
  },
  "minecraft:recipes/misc/iron_ingot_from_blasting_raw_iron": {
    "criteria": {
      "has_raw_iron": "2024-10-24 17:38:44 +0000"
    },
    "done": true
  },
  "extradelight:recipes/extradelight.aesthetic/ribbon_bow_pink": {
    "criteria": {
      "pink_bow": "2024-10-24 17:53:48 +0000"
    },
    "done": true
  },
  "extradelight:recipes/extradelight.aesthetic/oak_step_stool": {
    "criteria": {
      "oak_step_stool": "2024-10-24 17:28:59 +0000"
    },
    "done": true
  },
  "everycomp:recipes/everycomp/hc/regions_unexplored/magnolia_table": {
    "criteria": {
      "has_planks": "2024-10-24 17:45:28 +0000"
    },
    "done": true
  },
  "farmersdelight:recipes/farmersdelight/mutton_wrap": {
    "criteria": {
      "has_mutton": "2024-10-24 18:01:52 +0000"
    },
    "done": true
  },
  "regions_unexplored:recipes/ru_main/magnolia_stairs": {
    "criteria": {
      "has_magnolia_planks": "2024-10-24 17:45:28 +0000"
    },
    "done": true
  },
  "crabbersdelight:recipes/crabbersdelight/crab_trap": {
    "criteria": {
      "has_stick": "2024-10-24 17:28:59 +0000",
      "has_the_recipe": "2024-10-24 17:28:59 +0000"
    },
    "done": true
  },
  "regions_unexplored:recipes/ru_main/maple_boat": {
    "criteria": {
      "in_water": "2024-10-24 17:39:57 +0000"
    },
    "done": true
  },
  "toms_storage:unlock_netherite": {
    "criteria": {
      "inv_changed-netherite": "2024-10-24 17:28:33 +0000"
    },
    "done": true
  },
  "farmersdelight:recipes/farmersdelight/cooking/baked_cod_stew": {
    "criteria": {
      "has_any_ingredient": "2024-10-24 19:43:15 +0000"
    },
    "done": true
  },
  "decorative_blocks:recipes/decorative_blocks.general/rocky_dirt": {
    "criteria": {
      "has_dirt": "2024-10-24 18:49:14 +0000"
    },
    "done": true
  },
  "minecraft:recipes/building_blocks/iron_block": {
    "criteria": {
      "has_iron_ingot": "2024-10-24 17:51:38 +0000"
    },
    "done": true
  },
  "create:recipes/create.base/crafting/kinetics/copper_valve_handle_from_others": {
    "criteria": {
      "has_item": "2024-10-24 18:44:07 +0000"
    },
    "done": true
  },
  "create:recipes/create.base/crafting/kinetics/steam_engine": {
    "criteria": {
      "has_item": "2024-10-24 18:44:07 +0000"
    },
    "done": true
  },
  "minecraft:recipes/misc/red_dye_from_poppy": {
    "criteria": {
      "has_poppy": "2024-10-24 19:16:58 +0000"
    },
    "done": true
  },
  "crabbersdelight:recipes/misc/bucket_of_clam_chum": {
    "criteria": {
      "has_bone_meal": "2024-10-24 19:46:24 +0000"
    },
    "done": true
  },
  "minecraft:recipes/building_blocks/jungle_wood": {
    "criteria": {
      "has_log": "2024-10-24 17:30:23 +0000"
    },
    "done": true
  },
  "design_decor:recipes/design_decor/metal_sheet_from_ingots_iron_stonecutting": {
    "criteria": {
      "has_ingots_iron": "2024-10-24 17:51:38 +0000"
    },
    "done": true
  },
  "minecraft:recipes/misc/yellow_dye_from_dandelion": {
    "criteria": {
      "has_dandelion": "2024-10-24 19:16:59 +0000"
    },
    "done": true
  },
  "minecraft:story/deflect_arrow": {
    "criteria": {
      "deflected_projectile": "2024-10-24 19:10:33 +0000"
    },
    "done": true
  },
  "create:windmill_maxed": {
    "criteria": {
      "0": "2024-10-24 20:45:34 +0000"
    },
    "done": true
  },
  "create:recipes/create.palettes/crafting/kinetics/cyan_seat": {
    "criteria": {
      "has_wool": "2024-10-24 17:53:48 +0000"
    },
    "done": true
  },
  "create:recipes/create.base/crafting/materials/andesite_alloy": {
    "criteria": {
      "has_item": "2024-10-24 17:51:38 +0000"
    },
    "done": true
  },
  "minecraft:recipes/building_blocks/light_blue_wool": {
    "criteria": {
      "has_white_wool": "2024-10-24 17:53:48 +0000"
    },
    "done": true
  },
  "minecraft:recipes/combat/wooden_sword": {
    "criteria": {
      "has_stick": "2024-10-24 17:28:59 +0000"
    },
    "done": true
  },
  "goodending:recipes/cypress_boat": {
    "criteria": {
      "in_water": "2024-10-24 17:39:57 +0000"
    },
    "done": true
  },
  "everycomp:recipes/everycomp/hc/regions_unexplored/magnolia_corner_trim": {
    "criteria": {
      "has_planks": "2024-10-24 17:45:28 +0000"
    },
    "done": true
  },
  "extradelight:recipes/extradelight.items/christmas_pudding_feast": {
    "criteria": {
      "has_any_ingredient": "2024-10-24 17:53:48 +0000"
    },
    "done": true
  },
  "design_decor:recipes/design_decor/metal_plate_stairs_from_ingots_iron_stonecutting": {
    "criteria": {
      "has_ingots_iron": "2024-10-24 17:51:38 +0000"
    },
    "done": true
  },
  "everycomp:recipes/everycomp/c/regions_unexplored/magnolia_window_pane": {
    "criteria": {
      "has_planks": "2024-10-24 17:45:28 +0000"
    },
    "done": true
  },
  "minecraft:recipes/building_blocks/gray_concrete_powder": {
    "criteria": {
      "has_gravel": "2024-10-24 18:38:24 +0000"
    },
    "done": true
  },
  "everycomp:recipes/everycomp/ddr/regions_unexplored/magnolia_counter_1": {
    "criteria": {
      "has_planks": "2024-10-24 17:45:28 +0000"
    },
    "done": true
  },
  "regions_unexplored:recipes/ru_main/red_painted_planks": {
    "criteria": {
      "has_planks": "2024-10-24 17:32:29 +0000"
    },
    "done": true
  },
  "create:recipes/create.palettes/crafting/kinetics/magenta_seat": {
    "criteria": {
      "has_wool": "2024-10-24 17:53:48 +0000"
    },
    "done": true
  },
  "extradelight:recipes/extradelight.items/drying_rack": {
    "criteria": {
      "has_string": "2024-10-24 19:12:10 +0000"
    },
    "done": true
  },
  "regions_unexplored:recipes/ru_main/magnolia_fence_gate": {
    "criteria": {
      "has_magnolia_planks": "2024-10-24 17:45:28 +0000"
    },
    "done": true
  },
  "minecraft:recipes/tools/iron_axe": {
    "criteria": {
      "has_iron_ingot": "2024-10-24 17:51:38 +0000"
    },
    "done": true
  },
  "create:recipes/create.palettes/cut_andesite_stairs_from_stone_types_andesite_stonecutting": {
    "criteria": {
      "has_stone_types_andesite": "2024-10-24 18:37:44 +0000"
    },
    "done": true
  },
  "minecraft:recipes/building_blocks/jungle_planks": {
    "criteria": {
      "has_logs": "2024-10-24 17:30:23 +0000"
    },
    "done": true
  },
  "minecraft:recipes/redstone/tripwire_hook": {
    "criteria": {
      "has_string": "2024-10-24 19:12:10 +0000"
    },
    "done": true
  },
  "extradelight:recipes/extradelight.aesthetic/acacia_step_stool": {
    "criteria": {
      "acacia_step_stool": "2024-10-24 17:28:59 +0000"
    },
    "done": true
  },
  "extradelight:recipes/extradelight.aesthetic/jungle_spice_rack_full": {
    "criteria": {
      "jungle_spice_rack_full": "2024-10-24 19:18:56 +0000"
    },
    "done": true
  },
  "minecraft:recipes/combat/iron_boots": {
    "criteria": {
      "has_iron_ingot": "2024-10-24 17:51:38 +0000"
    },
    "done": true
  },
  "everycomp:recipes/everycomp/hc/regions_unexplored/magnolia_nightstand": {
    "criteria": {
      "has_planks": "2024-10-24 17:45:28 +0000"
    },
    "done": true
  },
  "extradelight:recipes/extradelight.aesthetic/ribbon_bow_orange": {
    "criteria": {
      "orange_bow": "2024-10-24 17:53:48 +0000"
    },
    "done": true
  },
  "minecraft:recipes/misc/bone_meal": {
    "criteria": {
      "has_bone": "2024-10-24 17:47:54 +0000"
    },
    "done": true
  },
  "minecraft:recipes/building_blocks/birch_planks": {
    "criteria": {
      "has_logs": "2024-10-24 18:32:20 +0000"
    },
    "done": true
  },
  "regions_unexplored:recipes/ru_main/magnolia_button": {
    "criteria": {
      "has_magnolia_planks": "2024-10-24 17:45:28 +0000"
    },
    "done": true
  },
  "minecraft:recipes/building_blocks/black_concrete_powder": {
    "criteria": {
      "has_gravel": "2024-10-24 18:38:24 +0000"
    },
    "done": true
  },
  "minecraft:story/iron_tools": {
    "criteria": {
      "iron_pickaxe": "2024-10-24 17:51:43 +0000"
    },
    "done": true
  },
  "farmersdelight:recipes/farmersdelight/iron_knife": {
    "criteria": {
      "has_iron_ingot": "2024-10-24 17:51:38 +0000"
    },
    "done": true
  },
  "sophisticatedstorage:recipes/sophisticatedstorage/jungle_limited_barrel_1": {
    "criteria": {
      "has_jungle_plank": "2024-10-24 17:32:29 +0000"
    },
    "done": true
  },
  "minecraft:recipes/combat/iron_chestplate": {
    "criteria": {
      "has_iron_ingot": "2024-10-24 17:51:38 +0000"
    },
    "done": true
  },
  "minecraft:recipes/combat/crossbow": {
    "criteria": {
      "has_stick": "2024-10-24 17:28:59 +0000"
    },
    "done": true
  },
  "sophisticatedstorage:recipes/sophisticatedstorage/jungle_limited_barrel_2": {
    "criteria": {
      "has_jungle_plank": "2024-10-24 17:32:29 +0000"
    },
    "done": true
  },
  "create:recipes/create.palettes/polished_cut_andesite_stairs_from_stone_types_andesite_stonecutting": {
    "criteria": {
      "has_stone_types_andesite": "2024-10-24 18:37:44 +0000"
    },
    "done": true
  },
  "minecraft:recipes/building_blocks/yellow_wool": {
    "criteria": {
      "has_white_wool": "2024-10-24 17:53:48 +0000"
    },
    "done": true
  },
  "create:recipes/create.palettes/crafting/kinetics/orange_seat": {
    "criteria": {
      "has_wool": "2024-10-24 17:53:48 +0000"
    },
    "done": true
  },
  "sophisticatedstorage:recipes/sophisticatedstorage/jungle_limited_barrel_3": {
    "criteria": {
      "has_jungle_plank": "2024-10-24 17:32:29 +0000"
    },
    "done": true
  },
  "extradelight:recipes/extradelight.items/chocolate_cheesecake": {
    "criteria": {
      "has_any_ingredient": "2024-10-24 17:30:31 +0000"
    },
    "done": true
  },
  "minecraft:recipes/food/cooked_porkchop_from_smoking": {
    "criteria": {
      "has_porkchop": "2024-10-24 17:53:10 +0000"
    },
    "done": true
  },
  "sophisticatedstorage:recipes/sophisticatedstorage/jungle_limited_barrel_4": {
    "criteria": {
      "has_jungle_plank": "2024-10-24 17:32:29 +0000"
    },
    "done": true
  },
  "create:recipes/create.base/crafting/appliances/tree_fertilizer": {
    "criteria": {
      "has_item": "2024-10-24 19:46:24 +0000"
    },
    "done": true
  },
  "create:recipes/create.palettes/copper_ladder_from_ingots_copper_stonecutting": {
    "criteria": {
      "has_ingots_copper": "2024-10-24 18:44:07 +0000"
    },
    "done": true
  },
  "extradelight:recipes/extradelight.items/offset_spatula_iron": {
    "criteria": {
      "Recipes": "2024-10-24 17:51:38 +0000"
    },
    "done": true
  },
  "create:recipes/create.base/crafting/kinetics/empty_blaze_burner": {
    "criteria": {
      "has_item": "2024-10-24 17:51:38 +0000"
    },
    "done": true
  },
  "regions_unexplored:recipes/ru_main/dead_boat": {
    "criteria": {
      "in_water": "2024-10-24 17:39:57 +0000"
    },
    "done": true
  },
  "minecraft:recipes/building_blocks/red_concrete_powder": {
    "criteria": {
      "has_gravel": "2024-10-24 18:38:24 +0000"
    },
    "done": true
  },
  "minecraft:recipes/misc/iron_nugget_from_blasting": {
    "criteria": {
      "has_iron_pickaxe": "2024-10-24 17:51:43 +0000"
    },
    "done": true
  },
  "betterdungeons:root": {
    "criteria": {
      "always": "2024-10-24 17:28:32 +0000"
    },
    "done": true
  },
  "everycomp:recipes/handcrafted.main/hc/regions_unexplored/magnolia_counter": {
    "criteria": {
      "has_planks": "2024-10-24 17:45:28 +0000"
    },
    "done": true
  },
  "minecraft:adventure/kill_a_mob": {
    "criteria": {
      "minecraft:skeleton": "2024-10-24 17:47:54 +0000"
    },
    "done": true
  },
  "create:recipes/create.palettes/small_andesite_bricks_from_stone_types_andesite_stonecutting": {
    "criteria": {
      "has_stone_types_andesite": "2024-10-24 18:37:44 +0000"
    },
    "done": true
  },
  "alexsmobs:alexsmobs/seagull_steal": {
    "criteria": {
      "ex": "2024-10-24 19:31:56 +0000"
    },
    "done": true
  },
  "regions_unexplored:recipes/ru_main/magnolia_wood": {
    "criteria": {
      "has_log": "2024-10-24 17:31:48 +0000"
    },
    "done": true
  },
  "everycomp:recipes/everycomp/ddr/regions_unexplored/magnolia_counter": {
    "criteria": {
      "has_planks": "2024-10-24 17:45:28 +0000"
    },
    "done": true
  },
  "regions_unexplored:recipes/ru_main/mauve_planks": {
    "criteria": {
      "has_logs": "2024-10-24 18:31:24 +0000"
    },
    "done": true
  },
  "toms_storage:unlock_glowstone": {
    "criteria": {
      "inv_changed-glowstone": "2024-10-24 17:28:33 +0000"
    },
    "done": true
  },
  "minecraft:recipes/building_blocks/stone": {
    "criteria": {
      "has_cobblestone": "2024-10-24 17:33:11 +0000"
    },
    "done": true
  },
  "create:recipes/create.palettes/jungle_window": {
    "criteria": {
      "has_ingredient": "2024-10-24 17:32:29 +0000"
    },
    "done": true
  },
  "minecraft:adventure/adventuring_time": {
    "criteria": {
      "minecraft:stony_peaks": "2024-10-24 17:43:27 +0000",
      "minecraft:sparse_jungle": "2024-10-24 19:18:12 +0000",
      "minecraft:forest": "2024-10-24 17:30:46 +0000",
      "minecraft:jungle": "2024-10-24 17:28:33 +0000",
      "minecraft:savanna": "2024-10-24 19:12:42 +0000",
      "minecraft:plains": "2024-10-24 19:11:55 +0000"
    },
    "done": false
  },
  "handcrafted:recipes/misc/white_sheet": {
    "criteria": {
      "has_sheet": "2024-10-24 17:53:48 +0000"
    },
    "done": true
  },
  "extradelight:food": {
    "criteria": {
      "food": "2024-10-24 17:48:05 +0000"
    },
    "done": true
  },
  "everycomp:recipes/everycomp/hc/regions_unexplored/magnolia_dining_bench": {
    "criteria": {
      "has_planks": "2024-10-24 17:45:28 +0000"
    },
    "done": true
  },
  "vintageimprovements:root": {
    "criteria": {
      "0": "2024-10-24 17:28:33 +0000"
    },
    "done": true
  },
  "create:recipes/create.palettes/small_andesite_brick_slab_from_stone_types_andesite_stonecutting": {
    "criteria": {
      "has_stone_types_andesite": "2024-10-24 18:37:44 +0000"
    },
    "done": true
  },
  "design_decor:recipes/design_decor/wood_support_from_planks_stonecutting": {
    "criteria": {
      "has_planks": "2024-10-24 17:32:29 +0000"
    },
    "done": true
  },
  "minecraft:recipes/combat/stone_sword": {
    "criteria": {
      "has_cobblestone": "2024-10-24 17:33:11 +0000"
    },
    "done": true
  },
  "minecraft:recipes/decorations/cobblestone_wall": {
    "criteria": {
      "has_cobblestone": "2024-10-24 17:33:11 +0000"
    },
    "done": true
  },
  "minecraft:recipes/decorations/barrel": {
    "criteria": {
      "has_planks": "2024-10-24 17:32:29 +0000"
    },
    "done": true
  },
  "minecraft:recipes/brewing/fermented_spider_eye": {
    "criteria": {
      "has_spider_eye": "2024-10-24 19:17:54 +0000"
    },
    "done": true
  },
  "minecraft:recipes/misc/iron_ingot_from_smelting_raw_iron": {
    "criteria": {
      "has_raw_iron": "2024-10-24 17:38:44 +0000"
    },
    "done": true
  },
  "minecraft:recipes/tools/stone_pickaxe": {
    "criteria": {
      "has_cobblestone": "2024-10-24 17:33:11 +0000"
    },
    "done": true
  },
  "create:recipes/create.base/crafting/tree_fertilizer": {
    "criteria": {
      "has_item": "2024-10-24 19:46:24 +0000"
    },
    "done": true
  },
  "minecraft:recipes/decorations/smithing_table": {
    "criteria": {
      "has_iron_ingot": "2024-10-24 17:51:38 +0000"
    },
    "done": true
  },
  "minecraft:husbandry/plant_seed": {
    "criteria": {
      "wheat": "2024-10-24 19:41:23 +0000"
    },
    "done": true
  },
  "farmersdelight:recipes/farmersdelight/cooking/hot_cocoa": {
    "criteria": {
      "has_any_ingredient": "2024-10-24 17:30:31 +0000"
    },
    "done": true
  },
  "create:recipes/create.palettes/cut_andesite_wall_from_stone_types_andesite_stonecutting": {
    "criteria": {
      "has_stone_types_andesite": "2024-10-24 18:37:44 +0000"
    },
    "done": true
  },
  "create:recipes/create.palettes/polished_cut_andesite_slab_from_stone_types_andesite_stonecutting": {
    "criteria": {
      "has_stone_types_andesite": "2024-10-24 18:37:44 +0000"
    },
    "done": true
  },
  "minecraft:recipes/decorations/cobblestone_wall_from_cobblestone_stonecutting": {
    "criteria": {
      "has_cobblestone": "2024-10-24 17:33:11 +0000"
    },
    "done": true
  },
  "createbigcannons:recipes/createbigcannons/gas_mask": {
    "criteria": {
      "has_wool": "2024-10-24 17:53:48 +0000"
    },
    "done": true
  },
  "minecraft:recipes/decorations/brown_carpet": {
    "criteria": {
      "has_brown_wool": "2024-10-24 17:55:35 +0000"
    },
    "done": true
  },
  "extradelight:recipes/extradelight.aesthetic/dark_oak_step_stool": {
    "criteria": {
      "dark_oak_step_stool": "2024-10-24 17:28:59 +0000"
    },
    "done": true
  },
  "regions_unexplored:recipes/ru_main/yellow_painted_planks": {
    "criteria": {
      "has_planks": "2024-10-24 17:32:29 +0000"
    },
    "done": true
  },
  "extradelight:recipes/food/cake": {
    "criteria": {
      "has_any_ingredient": "2024-10-24 19:46:36 +0000"
    },
    "done": true
  },
  "extradelight:recipes/extradelight.aesthetic/cinnamon_step_stool": {
    "criteria": {
      "cinnamon_step_stool": "2024-10-24 17:28:59 +0000"
    },
    "done": true
  },
  "farmersdelight:recipes/farmersdelight/cooking/pumpkin_soup": {
    "criteria": {
      "has_any_ingredient": "2024-10-24 17:53:10 +0000"
    },
    "done": true
  },
  "minecraft:recipes/building_blocks/lapis_block": {
    "criteria": {
      "has_lapis_lazuli": "2024-10-24 18:45:47 +0000"
    },
    "done": true
  },
  "regions_unexplored:recipes/ru_main/lime_painted_planks": {
    "criteria": {
      "has_planks": "2024-10-24 17:32:29 +0000"
    },
    "done": true
  },
  "create:recipes/create.base/crafting/kinetics/smart_fluid_pipe": {
    "criteria": {
      "has_item": "2024-10-24 18:44:07 +0000"
    },
    "done": true
  },
  "crabbersdelight:recipes/misc/bucket_of_clawster_chum": {
    "criteria": {
      "has_bone_meal": "2024-10-24 19:46:24 +0000"
    },
    "done": true
  },
  "extradelight:recipes/extradelight.items/haggis_block_item": {
    "criteria": {
      "has_any_ingredient": "2024-10-24 19:46:36 +0000"
    },
    "done": true
  },
  "minecraft:recipes/decorations/lantern": {
    "criteria": {
      "has_iron_ingot": "2024-10-24 17:51:38 +0000"
    },
    "done": true
  },
  "minecraft:recipes/misc/stick_from_bamboo_item": {
    "criteria": {
      "has_bamboo": "2024-10-24 17:30:05 +0000"
    },
    "done": true
  },
  "extradelight:recipes/extradelight.items/mint_lamb_feast": {
    "criteria": {
      "has_any_ingredient": "2024-10-24 17:53:48 +0000"
    },
    "done": true
  },
  "decorative_blocks:recipes/decorative_blocks.general/bar_panel": {
    "criteria": {
      "has_ingot": "2024-10-24 17:51:38 +0000"
    },
    "done": true
  },
  "handcrafted:recipes/misc/frozen_bench": {
    "criteria": {
      "has_iron_ingot": "2024-10-24 17:51:38 +0000"
    },
    "done": true
  },
  "handcrafted:recipes/misc/white_cushion": {
    "criteria": {
      "has_cushion": "2024-10-24 17:53:48 +0000"
    },
    "done": true
  },
  "regions_unexplored:recipes/ru_main/magnolia_fence": {
    "criteria": {
      "has_magnolia_planks": "2024-10-24 17:45:28 +0000"
    },
    "done": true
  },
  "regions_unexplored:recipes/misc/purple_dye_from_hyssop": {
    "criteria": {
      "has_hyssop": "2024-10-24 18:33:09 +0000"
    },
    "done": true
  },
  "design_decor:recipes/design_decor/metal_sheet_slab_from_ingots_iron_stonecutting": {
    "criteria": {
      "has_ingots_iron": "2024-10-24 17:51:38 +0000"
    },
    "done": true
  },
  "create:recipes/create.base/crafting/appliances/copper_diving_helmet": {
    "criteria": {
      "has_item": "2024-10-24 18:44:07 +0000"
    },
    "done": true
  },
  "minecraft:recipes/food/cookie": {
    "criteria": {
      "has_cocoa": "2024-10-24 17:30:31 +0000"
    },
    "done": true
  },
  "create:recipes/create.base/crafting/kinetics/vertical_gearboxfrom_conversion": {
    "criteria": {
      "has_item": "2024-10-24 20:22:02 +0000"
    },
    "done": true
  },
  "minecraft:recipes/building_blocks/light_gray_wool": {
    "criteria": {
      "has_white_wool": "2024-10-24 17:53:48 +0000"
    },
    "done": true
  },
  "minecraft:recipes/decorations/andesite_wall": {
    "criteria": {
      "has_andesite": "2024-10-24 18:37:44 +0000"
    },
    "done": true
  },
  "nethersdelight:recipes/nethersdelight/iron_machete": {
    "criteria": {
      "has_iron_ingot": "2024-10-24 17:51:38 +0000"
    },
    "done": true
  },
  "minecraft:recipes/building_blocks/andesite_slab": {
    "criteria": {
      "has_andesite": "2024-10-24 18:37:44 +0000"
    },
    "done": true
  },
  "minecraft:recipes/building_blocks/red_wool": {
    "criteria": {
      "has_white_wool": "2024-10-24 17:53:48 +0000"
    },
    "done": true
  },
  "minecraft:recipes/misc/light_gray_dye_from_oxeye_daisy": {
    "criteria": {
      "has_oxeye_daisy": "2024-10-24 19:16:59 +0000"
    },
    "done": true
  },
  "extradelight:recipes/farmersdelight/chocolate_pie": {
    "criteria": {
      "chocolate_pie": "2024-10-24 17:30:31 +0000"
    },
    "done": true
  },
  "minecraft:recipes/tools/stone_axe": {
    "criteria": {
      "has_cobblestone": "2024-10-24 17:33:11 +0000"
    },
    "done": true
  },
  "minecraft:recipes/misc/brown_dye": {
    "criteria": {
      "has_cocoa_beans": "2024-10-24 17:30:31 +0000"
    },
    "done": true
  },
  "minecraft:recipes/building_blocks/raw_iron_block": {
    "criteria": {
      "has_raw_iron": "2024-10-24 17:38:44 +0000"
    },
    "done": true
  },
  "minecraft:recipes/food/cooked_mutton": {
    "criteria": {
      "has_mutton": "2024-10-24 17:53:48 +0000"
    },
    "done": true
  },
  "create:recipes/create.base/crafting/kinetics/hose_pulley": {
    "criteria": {
      "has_item": "2024-10-24 18:44:07 +0000"
    },
    "done": true
  },
  "regions_unexplored:recipes/ru_main/gray_painted_planks": {
    "criteria": {
      "has_planks": "2024-10-24 17:32:29 +0000"
    },
    "done": true
  },
  "create:recipes/create.palettes/cut_andesite_brick_stairs_from_stone_types_andesite_stonecutting": {
    "criteria": {
      "has_stone_types_andesite": "2024-10-24 18:37:44 +0000"
    },
    "done": true
  },
  "everycomp:recipes/everycomp/ddr/regions_unexplored/magnolia_counter_bend": {
    "criteria": {
      "has_planks": "2024-10-24 17:45:28 +0000"
    },
    "done": true
  },
  "handcrafted:recipes/misc/andesite_pillar_trim": {
    "criteria": {
      "has_pillar_trim": "2024-10-24 18:37:44 +0000"
    },
    "done": true
  },
  "farmersdelight:recipes/farmersdelight/wheat_dough_from_eggs": {
    "criteria": {
      "has_wheat": "2024-10-24 19:46:36 +0000"
    },
    "done": true
  },
  "minecraft:recipes/building_blocks/purple_wool": {
    "criteria": {
      "has_white_wool": "2024-10-24 17:53:48 +0000"
    },
    "done": true
  },
  "crabbersdelight:main/root": {
    "criteria": {
      "seeds": "2024-10-24 17:28:33 +0000"
    },
    "done": true
  },
  "farmersdelight:recipes/farmersdelight/cooking/chicken_soup": {
    "criteria": {
      "has_any_ingredient": "2024-10-24 19:23:01 +0000"
    },
    "done": true
  },
  "minecraft:recipes/building_blocks/cobblestone_stairs_from_cobblestone_stonecutting": {
    "criteria": {
      "has_cobblestone": "2024-10-24 17:33:11 +0000"
    },
    "done": true
  },
  "minecraft:recipes/building_blocks/magenta_concrete_powder": {
    "criteria": {
      "has_gravel": "2024-10-24 18:38:24 +0000"
    },
    "done": true
  },
  "everycomp:recipes/everycomp/ddr/regions_unexplored/magnolia_counter_corner": {
    "criteria": {
      "has_planks": "2024-10-24 17:45:28 +0000"
    },
    "done": true
  },
  "everycomp:recipes/everycomp/hc/regions_unexplored/magnolia_side_table": {
    "criteria": {
      "has_planks": "2024-10-24 17:45:28 +0000"
    },
    "done": true
  },
  "minecraft:recipes/building_blocks/polished_andesite_stairs_from_andesite_stonecutting": {
    "criteria": {
      "has_andesite": "2024-10-24 18:37:44 +0000"
    },
    "done": true
  },
  "minecraft:recipes/decorations/white_bed": {
    "criteria": {
      "has_white_wool": "2024-10-24 17:53:48 +0000"
    },
    "done": true
  },
  "design_decor:recipes/design_decor/andesite_castel_tile_wall_from_stone_types_andesite_stonecutting": {
    "criteria": {
      "has_stone_types_andesite": "2024-10-24 18:37:44 +0000"
    },
    "done": true
  },
  "minecraft:recipes/decorations/candle": {
    "criteria": {
      "has_string": "2024-10-24 19:12:10 +0000"
    },
    "done": true
  },
  "minecraft:recipes/decorations/campfire": {
    "criteria": {
      "has_stick": "2024-10-24 17:28:59 +0000"
    },
    "done": true
  },
  "extradelight:recipes/extradelight.aesthetic/ribbon_bow_blue": {
    "criteria": {
      "blue_bow": "2024-10-24 17:53:48 +0000"
    },
    "done": true
  },
  "minecraft:recipes/food/bread": {
    "criteria": {
      "has_wheat": "2024-10-24 19:46:36 +0000"
    },
    "done": true
  },
  "minecraft:recipes/misc/iron_nugget": {
    "criteria": {
      "has_iron_ingot": "2024-10-24 17:51:38 +0000"
    },
    "done": true
  },
  "regions_unexplored:recipes/ru_main/magnolia_branch_from_magnolia_log": {
    "criteria": {
      "has_log": "2024-10-24 17:31:48 +0000"
    },
    "done": true
  },
  "minecraft:recipes/building_blocks/brown_concrete_powder": {
    "criteria": {
      "has_gravel": "2024-10-24 18:38:24 +0000"
    },
    "done": true
  },
  "create:recipes/create.base/crafting/kinetics/fluid_valve": {
    "criteria": {
      "has_item": "2024-10-24 18:44:07 +0000"
    },
    "done": true
  },
  "create:recipes/create.palettes/crafting/kinetics/blue_seat": {
    "criteria": {
      "has_wool": "2024-10-24 17:53:48 +0000"
    },
    "done": true
  },
  "createbigcannons:recipes/createbigcannons/shot_balls": {
    "criteria": {
      "has_iron_ingot": "2024-10-24 17:51:38 +0000"
    },
    "done": true
  },
  "crabbersdelight:recipes/decorations/crab_trap": {
    "criteria": {
      "has_stick": "2024-10-24 17:28:59 +0000"
    },
    "done": true
  },
  "regions_unexplored:recipes/ru_main/willow_boat": {
    "criteria": {
      "in_water": "2024-10-24 17:39:57 +0000"
    },
    "done": true
  },
  "minecraft:recipes/building_blocks/cyan_wool": {
    "criteria": {
      "has_white_wool": "2024-10-24 17:53:48 +0000"
    },
    "done": true
  },
  "minecraft:recipes/misc/white_dye": {
    "criteria": {
      "has_bone_meal": "2024-10-24 19:46:24 +0000"
    },
    "done": true
  },
  "extradelight:recipes/extradelight.aesthetic/ribbon_bow_green": {
    "criteria": {
      "green_bow": "2024-10-24 17:53:48 +0000"
    },
    "done": true
  },
  "extradelight:recipes/extradelight.aesthetic/ribbon_bow_white": {
    "criteria": {
      "white_bow": "2024-10-24 17:53:48 +0000"
    },
    "done": true
  },
  "everycomp:recipes/everycomp/hc/regions_unexplored/magnolia_fancy_bed": {
    "criteria": {
      "has_planks": "2024-10-24 17:45:28 +0000"
    },
    "done": true
  },
  "minecraft:recipes/transportation/spruce_boat": {
    "criteria": {
      "in_water": "2024-10-24 17:39:57 +0000"
    },
    "done": true
  },
  "regions_unexplored:recipes/ru_main/kapok_boat": {
    "criteria": {
      "in_water": "2024-10-24 17:39:57 +0000"
    },
    "done": true
  },
  "regions_unexplored:recipes/ru_main/magnolia_trapdoor": {
    "criteria": {
      "has_magnolia_planks": "2024-10-24 17:45:28 +0000"
    },
    "done": true
  },
  "extradelight:recipes/extradelight.items/coffe_cake_feast": {
    "criteria": {
      "has_any_ingredient": "2024-10-24 19:46:36 +0000"
    },
    "done": true
  },
  "everycomp:recipes/handcrafted.main/hc/regions_unexplored/magnolia_drawer": {
    "criteria": {
      "has_planks": "2024-10-24 17:45:28 +0000"
    },
    "done": true
  },
  "minecraft:recipes/building_blocks/gray_wool": {
    "criteria": {
      "has_white_wool": "2024-10-24 17:53:48 +0000"
    },
    "done": true
  },
  "minecraft:husbandry/balanced_diet": {
    "criteria": {
      "cooked_porkchop": "2024-10-24 18:35:20 +0000",
      "cooked_mutton": "2024-10-24 18:01:55 +0000",
      "bread": "2024-10-24 17:56:20 +0000"
    },
    "done": false
  },
  "regions_unexplored:recipes/ru_main/purple_painted_planks": {
    "criteria": {
      "has_planks": "2024-10-24 17:32:29 +0000"
    },
    "done": true
  },
  "minecraft:recipes/redstone/jungle_trapdoor": {
    "criteria": {
      "has_planks": "2024-10-24 17:32:29 +0000"
    },
    "done": true
  },
  "minecraft:recipes/tools/wooden_hoe": {
    "criteria": {
      "has_stick": "2024-10-24 17:28:59 +0000"
    },
    "done": true
  },
  "regions_unexplored:recipes/ru_main/magnolia_boat": {
    "criteria": {
      "in_water": "2024-10-24 17:39:57 +0000"
    },
    "done": true
  },
  "regions_unexplored:regions_explored": {
    "criteria": {
      "mauve_hills": "2024-10-24 18:32:09 +0000",
      "grassy_beach": "2024-10-24 18:35:01 +0000",
      "rocky_meadow": "2024-10-24 18:30:12 +0000",
      "magnolia_highlands": "2024-10-24 17:31:18 +0000",
      "deciduous_forest": "2024-10-24 19:09:26 +0000",
      "grassland": "2024-10-24 19:09:48 +0000"
    },
    "done": false
  },
  "design_decor:recipes/design_decor/metal_plate_wall_from_ingots_iron_stonecutting": {
    "criteria": {
      "has_ingots_iron": "2024-10-24 17:51:38 +0000"
    },
    "done": true
  },
  "minecraft:recipes/misc/bucket": {
    "criteria": {
      "has_iron_ingot": "2024-10-24 17:51:38 +0000"
    },
    "done": true
  },
  "create_dd:recipes/misc/crafting/lapis_lazuli_from_lapis_lazuli_shard": {
    "criteria": {
      "has_lapis_lazuli": "2024-10-24 18:45:47 +0000"
    },
    "done": true
  },
  "design_decor:recipes/design_decor/metal_sheet_stairs_from_ingots_iron_stonecutting": {
    "criteria": {
      "has_ingots_iron": "2024-10-24 17:51:38 +0000"
    },
    "done": true
  },
  "regions_unexplored:recipes/ru_main/palm_boat": {
    "criteria": {
      "in_water": "2024-10-24 17:39:57 +0000"
    },
    "done": true
  },
  "minecraft:recipes/redstone/jungle_button": {
    "criteria": {
      "has_planks": "2024-10-24 17:32:29 +0000"
    },
    "done": true
  },
  "crabbersdelight:recipes/misc/bucket_of_shrimp_chum": {
    "criteria": {
      "has_bone_meal": "2024-10-24 19:46:24 +0000"
    },
    "done": true
  },
  "minecraft:recipes/building_blocks/cobblestone_stairs": {
    "criteria": {
      "has_cobblestone": "2024-10-24 17:33:11 +0000"
    },
    "done": true
  },
  "everycomp:recipes/everycomp/hc/regions_unexplored/magnolia_bench": {
    "criteria": {
      "has_planks": "2024-10-24 17:45:28 +0000"
    },
    "done": true
  },
  "sliceanddice:recipes/tools/slicer": {
    "criteria": {
      "has_tool": "2024-10-24 17:45:55 +0000"
    },
    "done": true
  },
  "regions_unexplored:recipes/ru_main/magnolia_pressure_plate": {
    "criteria": {
      "has_magnolia_planks": "2024-10-24 17:45:28 +0000"
    },
    "done": true
  },
  "farmersdelight:recipes/food/cooking/rabbit_stew": {
    "criteria": {
      "has_any_ingredient": "2024-10-24 19:23:01 +0000"
    },
    "done": true
  },
  "create:recipes/create.palettes/copper_tiles_from_ingots_copper_stonecutting": {
    "criteria": {
      "has_ingots_copper": "2024-10-24 18:44:07 +0000"
    },
    "done": true
  },
  "regions_unexplored:recipes/ru_main/brown_painted_planks": {
    "criteria": {
      "has_planks": "2024-10-24 17:32:29 +0000"
    },
    "done": true
  },
  "create:recipes/create.palettes/copper_scaffolding_from_ingots_copper_stonecutting": {
    "criteria": {
      "has_ingots_copper": "2024-10-24 18:44:07 +0000"
    },
    "done": true
  },
  "extradelight:recipes/extradelight.items/stone_spoon": {
    "criteria": {
      "Recipes": "2024-10-24 18:37:44 +0000"
    },
    "done": true
  },
  "design_decor:recipes/design_decor/andesite_castel_brick_stairs_from_stone_types_andesite_stonecutting": {
    "criteria": {
      "has_stone_types_andesite": "2024-10-24 18:37:44 +0000"
    },
    "done": true
  },
  "minecraft:recipes/decorations/white_banner": {
    "criteria": {
      "has_white_wool": "2024-10-24 17:53:48 +0000"
    },
    "done": true
  },
  "create:recipes/create.palettes/layered_andesite_from_stone_types_andesite_stonecutting": {
    "criteria": {
      "has_stone_types_andesite": "2024-10-24 18:37:44 +0000"
    },
    "done": true
  },
  "minecraft:recipes/building_blocks/light_blue_concrete_powder": {
    "criteria": {
      "has_gravel": "2024-10-24 18:38:24 +0000"
    },
    "done": true
  },
  "extradelight:recipes/extradelight.aesthetic/ribbon_bow_light_gray": {
    "criteria": {
      "light_gray_bow": "2024-10-24 17:53:48 +0000"
    },
    "done": true
  },
  "minecraft:recipes/decorations/mossy_cobblestone_wall": {
    "criteria": {
      "has_mossy_cobblestone": "2024-10-24 19:52:19 +0000"
    },
    "done": true
  },
  "create_central_kitchen:recipes/crafting/tomato_sauce_bucket_from_bowls": {
    "criteria": {
      "has_bucket": "2024-10-24 18:34:44 +0000"
    },
    "done": true
  },
  "extradelight:recipes/extradelight.items/bratwurst_bread_bc": {
    "criteria": {
      "book": "2024-10-24 17:55:49 +0000"
    },
    "done": true
  },
  "minecraft:recipes/building_blocks/hay_block": {
    "criteria": {
      "has_wheat": "2024-10-24 19:46:36 +0000"
    },
    "done": true
  },
  "minecraft:recipes/combat/iron_helmet": {
    "criteria": {
      "has_iron_ingot": "2024-10-24 17:51:38 +0000"
    },
    "done": true
  },
  "create:recipes/create.palettes/crafting/kinetics/white_seat": {
    "criteria": {
      "has_wool": "2024-10-24 17:53:48 +0000"
    },
    "done": true
  },
  "minecraft:recipes/combat/bow": {
    "criteria": {
      "has_string": "2024-10-24 19:12:10 +0000"
    },
    "done": true
  },
  "minecraft:recipes/decorations/mossy_cobblestone_wall_from_mossy_cobblestone_stonecutting": {
    "criteria": {
      "has_mossy_cobblestone": "2024-10-24 19:52:19 +0000"
    },
    "done": true
  },
  "minecraft:recipes/building_blocks/purple_concrete_powder": {
    "criteria": {
      "has_gravel": "2024-10-24 18:38:24 +0000"
    },
    "done": true
  },
  "miners_delight:recipes/miners_delight/copper_pot": {
    "criteria": {
      "has_copper": "2024-10-24 18:44:07 +0000"
    },
    "done": true
  },
  "regions_unexplored:recipes/ru_main/mauve_shrub": {
    "criteria": {
      "has_mauve_sapling": "2024-10-24 18:31:12 +0000"
    },
    "done": true
  },
  "regions_unexplored:recipes/ru_main/cyan_painted_planks": {
    "criteria": {
      "has_planks": "2024-10-24 17:32:29 +0000"
    },
    "done": true
  },
  "extradelight:recipes/extradelight.items/mortar/flour": {
    "criteria": {
      "Recipes": "2024-10-24 19:46:24 +0000"
    },
    "done": true
  },
  "create_connected:root": {
    "criteria": {
      "0": "2024-10-24 17:28:33 +0000"
    },
    "done": true
  },
  "regions_unexplored:recipes/ru_main/eucalyptus_boat": {
    "criteria": {
      "in_water": "2024-10-24 17:39:57 +0000"
    },
    "done": true
  },
  "minecraft:story/mine_stone": {
    "criteria": {
      "get_stone": "2024-10-24 17:33:11 +0000"
    },
    "done": true
  },
  "minecraft:recipes/decorations/furnace": {
    "criteria": {
      "has_cobblestone": "2024-10-24 17:33:11 +0000"
    },
    "done": true
  },
  "minecraft:recipes/transportation/minecart": {
    "criteria": {
      "has_iron_ingot": "2024-10-24 17:51:38 +0000"
    },
    "done": true
  },
  "regions_unexplored:recipes/ru_main/magnolia_planks": {
    "criteria": {
      "has_logs": "2024-10-24 17:31:48 +0000"
    },
    "done": true
  },
  "miners_delight:recipes/miners_delight/copper_cup": {
    "criteria": {
      "has_copper": "2024-10-24 18:44:07 +0000"
    },
    "done": true
  },
  "minecraft:recipes/building_blocks/andesite_stairs": {
    "criteria": {
      "has_andesite": "2024-10-24 18:37:44 +0000"
    },
    "done": true
  },
  "minecraft:recipes/misc/charcoal": {
    "criteria": {
      "has_log": "2024-10-24 17:30:23 +0000"
    },
    "done": true
  },
  "everycomp:recipes/everycomp/ddr/regions_unexplored/magnolia_mosaic": {
    "criteria": {
      "has_planks": "2024-10-24 17:45:28 +0000"
    },
    "done": true
  },
  "minecraft:recipes/building_blocks/orange_wool": {
    "criteria": {
      "has_white_wool": "2024-10-24 17:53:48 +0000"
    },
    "done": true
  },
  "minecraft:recipes/tools/wooden_pickaxe": {
    "criteria": {
      "has_stick": "2024-10-24 17:28:59 +0000"
    },
    "done": true
  },
  "minecraft:recipes/tools/iron_hoe": {
    "criteria": {
      "has_iron_ingot": "2024-10-24 17:51:38 +0000"
    },
    "done": true
  },
  "extradelight:recipes/extradelight.items/omelette_mix_meat": {
    "criteria": {
      "Recipes": "2024-10-24 17:53:10 +0000"
    },
    "done": true
  },
  "create:recipes/create.palettes/crafting/kinetics/green_seat": {
    "criteria": {
      "has_wool": "2024-10-24 17:53:48 +0000"
    },
    "done": true
  },
  "create:recipes/create.base/crafting/kinetics/mechanical_pump": {
    "criteria": {
      "has_item": "2024-10-24 18:44:07 +0000"
    },
    "done": true
  },
  "minecraft:husbandry/root": {
    "criteria": {
      "consumed_item": "2024-10-24 17:48:05 +0000"
    },
    "done": true
  },
  "minecraft:recipes/transportation/birch_boat": {
    "criteria": {
      "in_water": "2024-10-24 17:39:57 +0000"
    },
    "done": true
  },
  "decorative_blocks:recipes/decorative_blocks.general/jungle_seat": {
    "criteria": {
      "has_plank": "2024-10-24 17:32:29 +0000"
    },
    "done": true
  },
  "minecraft:recipes/building_blocks/green_concrete_powder": {
    "criteria": {
      "has_gravel": "2024-10-24 18:38:24 +0000"
    },
    "done": true
  },
  "minecraft:recipes/building_blocks/polished_andesite_from_andesite_stonecutting": {
    "criteria": {
      "has_andesite": "2024-10-24 18:37:44 +0000"
    },
    "done": true
  },
  "extradelight:recipes/extradelight.items/pestle_andesite": {
    "criteria": {
      "Recipes": "2024-10-24 18:37:44 +0000"
    },
    "done": true
  },
  "create:shifting_gears": {
    "criteria": {
      "0": "2024-10-24 20:50:04 +0000"
    },
    "done": true
  },
  "minecraft:recipes/tools/iron_shovel": {
    "criteria": {
      "has_iron_ingot": "2024-10-24 17:51:38 +0000"
    },
    "done": true
  },
  "create:recipes/create.palettes/crafting/kinetics/purple_seat": {
    "criteria": {
      "has_wool": "2024-10-24 17:53:48 +0000"
    },
    "done": true
  },
  "everycomp:recipes/everycomp/hc/regions_unexplored/magnolia_desk": {
    "criteria": {
      "has_planks": "2024-10-24 17:45:28 +0000"
    },
    "done": true
  },
  "create_dd:recipes/create_dd.base/crafting/fan_catalyst/splashing_sail": {
    "criteria": {
      "has_water_bucket": "2024-10-24 18:35:09 +0000"
    },
    "done": true
  },
  "regions_unexplored:recipes/ru_main/socotra_boat": {
    "criteria": {
      "in_water": "2024-10-24 17:39:57 +0000"
    },
    "done": true
  },
  "regions_unexplored:recipes/ru_main/blue_painted_planks": {
    "criteria": {
      "has_planks": "2024-10-24 17:32:29 +0000"
    },
    "done": true
  },
  "extradelight:recipes/extradelight.items/beef_wellington_block_item": {
    "criteria": {
      "has_any_ingredient": "2024-10-24 19:46:36 +0000"
    },
    "done": true
  },
  "design_decor:recipes/design_decor/metal_support_from_ingots_iron_stonecutting": {
    "criteria": {
      "has_ingots_iron": "2024-10-24 17:51:38 +0000"
    },
    "done": true
  },
  "extradelight:recipes/extradelight.aesthetic/ribbon_bow_lime": {
    "criteria": {
      "lime_bow": "2024-10-24 17:53:48 +0000"
    },
    "done": true
  },
  "handcrafted:recipes/misc/bench": {
    "criteria": {
      "has_iron_ingot": "2024-10-24 17:51:38 +0000"
    },
    "done": true
  },
  "extradelight:recipes/extradelight.aesthetic/mangrove_step_stool": {
    "criteria": {
      "mangrove_step_stool": "2024-10-24 17:28:59 +0000"
    },
    "done": true
  },
  "farmersdelight:main/root": {
    "criteria": {
      "seeds": "2024-10-24 17:28:33 +0000"
    },
    "done": true
  },
  "minecraft:recipes/tools/stone_hoe": {
    "criteria": {
      "has_cobblestone": "2024-10-24 17:33:11 +0000"
    },
    "done": true
  },
  "regions_unexplored:recipes/ru_main/jungle_shrub": {
    "criteria": {
      "has_jungle_sapling": "2024-10-24 17:28:57 +0000"
    },
    "done": true
  },
  "regions_unexplored:recipes/ru_main/overgrown_bone_block": {
    "criteria": {
      "has_bone_meal": "2024-10-24 19:46:24 +0000"
    },
    "done": true
  },
  "minecraft:recipes/food/baked_potato_from_smoking": {
    "criteria": {
      "has_potato": "2024-10-24 19:43:15 +0000"
    },
    "done": true
  },
  "create:recipes/create.palettes/crafting/kinetics/light_blue_seat": {
    "criteria": {
      "has_wool": "2024-10-24 17:53:48 +0000"
    },
    "done": true
  },
  "extradelight:recipes/extradelight.items/omelette_mix_mix": {
    "criteria": {
      "Recipes": "2024-10-24 19:23:01 +0000"
    },
    "done": true
  },
  "create:recipes/create.palettes/crafting/materials/raw_zinc_block": {
    "criteria": {
      "has_item": "2024-10-24 18:45:31 +0000"
    },
    "done": true
  },
  "extradelight:recipes/extradelight.aesthetic/ribbon_bow_purple": {
    "criteria": {
      "purple_bow": "2024-10-24 17:53:48 +0000"
    },
    "done": true
  },
  "extradelight:recipes/extradelight.aesthetic/ribbon_bow_red": {
    "criteria": {
      "red_bow": "2024-10-24 17:53:48 +0000"
    },
    "done": true
  },
  "farmersdelight:recipes/farmersdelight/cooking/dog_food": {
    "criteria": {
      "has_any_ingredient": "2024-10-24 18:32:40 +0000"
    },
    "done": true
  },
  "farmersdelight:recipes/farmersdelight/wheat_dough_from_water": {
    "criteria": {
      "has_wheat": "2024-10-24 19:46:36 +0000"
    },
    "done": true
  },
  "extradelight:recipes/extradelight.items/omelette_mix_meat_cheese": {
    "criteria": {
      "Recipes": "2024-10-24 17:53:10 +0000"
    },
    "done": true
  },
  "create:recipes/create.palettes/cut_andesite_brick_slab_from_stone_types_andesite_stonecutting": {
    "criteria": {
      "has_stone_types_andesite": "2024-10-24 18:37:44 +0000"
    },
    "done": true
  },
  "minecraft:recipes/food/baked_potato": {
    "criteria": {
      "has_potato": "2024-10-24 19:43:15 +0000"
    },
    "done": true
  },
  "minecraft:recipes/decorations/white_carpet": {
    "criteria": {
      "has_white_wool": "2024-10-24 17:53:48 +0000"
    },
    "done": true
  },
  "handcrafted:recipes/misc/brown_cushion": {
    "criteria": {
      "has_cushion": "2024-10-24 17:55:35 +0000"
    },
    "done": true
  },
  "regions_unexplored:recipes/ru_main/magnolia_sign": {
    "criteria": {
      "has_magnolia_planks": "2024-10-24 17:45:28 +0000"
    },
    "done": true
  },
  "toms_storage:unlock_chest": {
    "criteria": {
      "inv_changed-chest": "2024-10-24 17:28:33 +0000"
    },
    "done": true
  },
  "extradelight:recipes/misc/mortar/yellow_dye": {
    "criteria": {
      "Recipes": "2024-10-24 19:16:59 +0000"
    },
    "done": true
  },
  "create:root": {
    "criteria": {
      "0": "2024-10-24 17:28:33 +0000"
    },
    "done": true
  },
  "betterdeserttemples:root": {
    "criteria": {
      "always": "2024-10-24 17:28:32 +0000"
    },
    "done": true
  },
  "nethersdelight:recipes/nethersdelight/blackstone_blast_furnace": {
    "criteria": {
      "has_iron": "2024-10-24 17:51:38 +0000"
    },
    "done": true
  },
  "minecraft:story/upgrade_tools": {
    "criteria": {
      "stone_pickaxe": "2024-10-24 17:33:45 +0000"
    },
    "done": true
  },
  "minecraft:recipes/transportation/oak_boat": {
    "criteria": {
      "in_water": "2024-10-24 17:39:57 +0000"
    },
    "done": true
  },
  "extradelight:recipes/extradelight.items/grater": {
    "criteria": {
      "Recipes": "2024-10-24 17:51:38 +0000"
    },
    "done": true
  },
  "extradelight:recipes/extradelight.aesthetic/birch_step_stool": {
    "criteria": {
      "birch_step_stool": "2024-10-24 17:28:59 +0000"
    },
    "done": true
  },
  "minecraft:recipes/building_blocks/cyan_concrete_powder": {
    "criteria": {
      "has_gravel": "2024-10-24 18:38:24 +0000"
    },
    "done": true
  },
  "extradelight:recipes/extradelight.items/iron_spoon": {
    "criteria": {
      "Recipes": "2024-10-24 17:51:38 +0000"
    },
    "done": true
  },
  "create:recipes/create.palettes/cut_andesite_from_stone_types_andesite_stonecutting": {
    "criteria": {
      "has_stone_types_andesite": "2024-10-24 18:37:44 +0000"
    },
    "done": true
  },
  "regions_unexplored:recipes/ru_main/silver_birch_branch_from_silver_birch_log": {
    "criteria": {
      "has_log": "2024-10-24 18:32:20 +0000"
    },
    "done": true
  },
  "minecraft:recipes/tools/wooden_axe": {
    "criteria": {
      "has_stick": "2024-10-24 17:28:59 +0000"
    },
    "done": true
  },
  "create:recipes/create.base/crafting/kinetics/fluid_pipe_vertical": {
    "criteria": {
      "has_item": "2024-10-24 18:44:07 +0000"
    },
    "done": true
  },
  "minecraft:recipes/building_blocks/lime_wool": {
    "criteria": {
      "has_white_wool": "2024-10-24 17:53:48 +0000"
    },
    "done": true
  },
  "farmersdelight:main/plant_all_crops": {
    "criteria": {
      "potato": "2024-10-24 19:54:00 +0000",
      "wheat": "2024-10-24 19:41:23 +0000",
      "carrot": "2024-10-24 19:41:10 +0000"
    },
    "done": false
  },
  "everycomp:recipes/everycomp/fd/regions_unexplored/magnolia_cabinet": {
    "criteria": {
      "has_planks": "2024-10-24 17:45:28 +0000"
    },
    "done": true
  },
  "extradelight:start": {
    "criteria": {
      "start": "2024-10-24 17:28:33 +0000"
    },
    "done": true
  },
  "regions_unexplored:recipes/ru_main/peat_coarse_dirt": {
    "criteria": {
      "has_gravel": "2024-10-24 18:38:24 +0000"
    },
    "done": true
  },
  "create:recipes/create.palettes/crafting/kinetics/gray_seat": {
    "criteria": {
      "has_wool": "2024-10-24 17:53:48 +0000"
    },
    "done": true
  },
  "create:copper": {
    "criteria": {
      "0": "2024-10-24 18:44:07 +0000"
    },
    "done": true
  },
  "minecraft:recipes/decorations/loom": {
    "criteria": {
      "has_string": "2024-10-24 19:12:10 +0000"
    },
    "done": true
  },
  "minecraft:recipes/building_blocks/green_wool": {
    "criteria": {
      "has_white_wool": "2024-10-24 17:53:48 +0000"
    },
    "done": true
  },
  "farmersdelight:recipes/farmersdelight/cooking/fried_rice": {
    "criteria": {
      "has_any_ingredient": "2024-10-24 19:23:01 +0000"
    },
    "done": true
  },
  "create_connected:recipes/crafting/kinetics/six_way_gearbox_from_gearbox": {
    "criteria": {
      "has_item": "2024-10-24 20:22:02 +0000"
    },
    "done": true
  },
  "extradelight:recipes/extradelight.aesthetic/ribbon_bow_black": {
    "criteria": {
      "black_bow": "2024-10-24 17:53:48 +0000"
    },
    "done": true
  },
  "extradelight:recipes/food/cookie": {
    "criteria": {
      "has_any_ingredient": "2024-10-24 17:30:31 +0000"
    },
    "done": true
  },
  "regions_unexplored:recipes/ru_main/mauve_wood": {
    "criteria": {
      "has_log": "2024-10-24 18:31:24 +0000"
    },
    "done": true
  },
  "minecraft:recipes/building_blocks/brown_wool": {
    "criteria": {
      "has_white_wool": "2024-10-24 17:53:48 +0000"
    },
    "done": true
  },
  "farmersdelight:recipes/farmersdelight/cooking/pasta_with_mutton_chop": {
    "criteria": {
      "has_any_ingredient": "2024-10-24 17:53:48 +0000"
    },
    "done": true
  },
  "minecraft:recipes/decorations/scaffolding": {
    "criteria": {
      "has_bamboo": "2024-10-24 17:30:05 +0000"
    },
    "done": true
  },
  "minecraft:recipes/decorations/painting": {
    "criteria": {
      "has_wool": "2024-10-24 17:53:48 +0000"
    },
    "done": true
  },
  "regions_unexplored:got_wood": {
    "criteria": {
      "magnolia_log": "2024-10-24 17:31:48 +0000",
      "mauve_log": "2024-10-24 18:31:24 +0000",
      "silver_birch_log": "2024-10-24 18:32:20 +0000"
    },
    "done": false
  },
  "everycomp:recipes/everycomp/hc/regions_unexplored/magnolia_chair": {
    "criteria": {
      "has_planks": "2024-10-24 17:45:28 +0000"
    },
    "done": true
  },
  "extradelight:recipes/extradelight.aesthetic/ribbon_bow_yellow": {
    "criteria": {
      "yellow_bow": "2024-10-24 17:53:48 +0000"
    },
    "done": true
  },
  "everycomp:recipes/handcrafted.main/hc/regions_unexplored/magnolia_shelf": {
    "criteria": {
      "has_planks": "2024-10-24 17:45:28 +0000"
    },
    "done": true
  },
  "minecraft:recipes/building_blocks/andesite_slab_from_andesite_stonecutting": {
    "criteria": {
      "has_andesite": "2024-10-24 18:37:44 +0000"
    },
    "done": true
  },
  "minecraft:recipes/combat/arrow": {
    "criteria": {
      "has_feather": "2024-10-24 19:31:02 +0000"
    },
    "done": true
  },
  "minecraft:recipes/building_blocks/coal_block": {
    "criteria": {
      "has_coal": "2024-10-24 17:33:03 +0000"
    },
    "done": true
  },
  "everycomp:recipes/everycomp/db/regions_unexplored/magnolia_beam": {
    "criteria": {
      "has_planks": "2024-10-24 17:45:28 +0000"
    },
    "done": true
  },
  "extradelight:recipes/extradelight.aesthetic/jungle_step_stool": {
    "criteria": {
      "jungle_step_stool": "2024-10-24 17:28:59 +0000"
    },
    "done": true
  },
  "regions_unexplored:recipes/ru_main/orange_painted_planks": {
    "criteria": {
      "has_planks": "2024-10-24 17:32:29 +0000"
    },
    "done": true
  },
  "minecraft:recipes/tools/stone_shovel": {
    "criteria": {
      "has_cobblestone": "2024-10-24 17:33:11 +0000"
    },
    "done": true
  },
  "minecraft:recipes/building_blocks/blue_concrete_powder": {
    "criteria": {
      "has_gravel": "2024-10-24 18:38:24 +0000"
    },
    "done": true
  },
  "minecraft:recipes/building_blocks/mossy_cobblestone_slab": {
    "criteria": {
      "has_mossy_cobblestone": "2024-10-24 19:52:19 +0000"
    },
    "done": true
  },
  "farmersdelight:recipes/farmersdelight/cooking/bone_broth": {
    "criteria": {
      "has_bone": "2024-10-24 17:47:54 +0000"
    },
    "done": true
  },
  "extradelight:recipes/extradelight.items/jerky": {
    "criteria": {
      "has_meat": "2024-10-24 17:53:10 +0000"
    },
    "done": true
  },
  "sophisticatedstorage:recipes/sophisticatedstorage/oak_chest_from_vanilla_chest": {
    "criteria": {
      "has_vanilla_chest": "2024-10-24 21:15:12 +0000"
    },
    "done": true
  },
  "cataclysm:root": {
    "criteria": {
      "custom_test_name": "2024-10-24 17:28:32 +0000"
    },
    "done": true
  },
  "extradelight:recipes/extradelight.items/punch": {
    "criteria": {
      "Recipes": "2024-10-24 18:35:09 +0000"
    },
    "done": true
  },
  "create:recipes/create.palettes/crafting/kinetics/brown_seat": {
    "criteria": {
      "has_wool": "2024-10-24 17:53:48 +0000"
    },
    "done": true
  },
  "minecraft:recipes/decorations/jungle_sign": {
    "criteria": {
      "has_planks": "2024-10-24 17:32:29 +0000"
    },
    "done": true
  },
  "regions_unexplored:recipes/misc/blue_dye_from_meadow_sage": {
    "criteria": {
      "has_meadow_sage": "2024-10-24 19:42:48 +0000"
    },
    "done": true
  },
  "decorative_blocks:recipes/decorative_blocks.general/jungle_palisade": {
    "criteria": {
      "has_log": "2024-10-24 17:30:23 +0000"
    },
    "done": true
  },
  "sophisticatedstorage:recipes/sophisticatedstorage/upgrade_base": {
    "criteria": {
      "has_iron_ingot": "2024-10-24 17:51:38 +0000"
    },
    "done": true
  },
  "decoration_delight:decoration_101_advancement": {
    "criteria": {
      "decoration_101_advancement": "2024-10-24 17:28:32 +0000"
    },
    "done": true
  },
  "farmersdelight:recipes/farmersdelight/shepherds_pie_block": {
    "criteria": {
      "has_cooked_mutton": "2024-10-24 18:01:52 +0000"
    },
    "done": true
  },
  "extradelight:recipes/extradelight.aesthetic/jungle_knife_block": {
    "criteria": {
      "jungle_knife_block": "2024-10-24 19:18:56 +0000"
    },
    "done": true
  },
  "create:recipes/create.palettes/crafting/kinetics/black_seat": {
    "criteria": {
      "has_wool": "2024-10-24 17:53:48 +0000"
    },
    "done": true
  },
  "decorative_blocks:recipes/decorative_blocks.general/chandelier": {
    "criteria": {
      "has_torch": "2024-10-24 17:38:27 +0000"
    },
    "done": true
  },
  "regions_unexplored:recipes/ru_main/magnolia_slab": {
    "criteria": {
      "has_magnolia_planks": "2024-10-24 17:45:28 +0000"
    },
    "done": true
  },
  "regions_unexplored:recipes/ru_main/silt_coarse_dirt": {
    "criteria": {
      "has_gravel": "2024-10-24 18:38:24 +0000"
    },
    "done": true
  },
  "goodending:recipes/orange_dye_from_spicy_wildflowers": {
    "criteria": {
      "has_item": "2024-10-24 17:31:06 +0000"
    },
    "done": true
  },
  "regions_unexplored:recipes/ru_main/redwood_boat": {
    "criteria": {
      "in_water": "2024-10-24 17:39:57 +0000"
    },
    "done": true
  },
  "design_decor:recipes/design_decor/andesite_castel_brick_wall_from_stone_types_andesite_stonecutting": {
    "criteria": {
      "has_stone_types_andesite": "2024-10-24 18:37:44 +0000"
    },
    "done": true
  },
  "create:recipes/create.base/crafting/kinetics/sail_framefrom_conversion": {
    "criteria": {
      "has_item": "2024-10-24 20:15:15 +0000"
    },
    "done": true
  },
  "minecraft:story/root": {
    "criteria": {
      "crafting_table": "2024-10-24 17:32:40 +0000"
    },
    "done": true
  },
  "create:recipes/create.base/crafting/kinetics/copper_valve_handle": {
    "criteria": {
      "has_item": "2024-10-24 18:44:07 +0000"
    },
    "done": true
  },
  "extradelight:recipes/extradelight.items/mortar_andesite": {
    "criteria": {
      "Recipes": "2024-10-24 18:37:44 +0000"
    },
    "done": true
  },
  "farmersdelight:recipes/farmersdelight/cooking/noodle_soup": {
    "criteria": {
      "has_any_ingredient": "2024-10-24 17:53:10 +0000"
    },
    "done": true
  },
  "minecraft:recipes/building_blocks/jungle_slab": {
    "criteria": {
      "has_planks": "2024-10-24 17:32:29 +0000"
    },
    "done": true
  },
  "extradelight:recipes/extradelight.items/omelette_mix_veg": {
    "criteria": {
      "Recipes": "2024-10-24 19:23:01 +0000"
    },
    "done": true
  },
  "design_decor:recipes/design_decor/andesite_castel_tile_stairs_from_stone_types_andesite_stonecutting": {
    "criteria": {
      "has_stone_types_andesite": "2024-10-24 18:37:44 +0000"
    },
    "done": true
  },
  "create:recipes/create.base/crafting/appliances/crafting_blueprint": {
    "criteria": {
      "has_item": "2024-10-24 17:32:40 +0000"
    },
    "done": true
  },
  "farmersdelight:recipes/farmersdelight/flint_knife": {
    "criteria": {
      "has_stick": "2024-10-24 17:28:59 +0000"
    },
    "done": true
  },
  "regions_unexplored:recipes/misc/magenta_dye_from_fireweed": {
    "criteria": {
      "has_fireweed": "2024-10-24 18:49:12 +0000"
    },
    "done": true
  },
  "regions_unexplored:parent": {
    "criteria": {
      "load_in_world": "2024-10-24 17:28:33 +0000"
    },
    "done": true
  },
  "regions_unexplored:recipes/ru_main/green_painted_planks": {
    "criteria": {
      "has_planks": "2024-10-24 17:32:29 +0000"
    },
    "done": true
  },
  "create:recipes/create.palettes/polished_cut_andesite_wall_from_stone_types_andesite_stonecutting": {
    "criteria": {
      "has_stone_types_andesite": "2024-10-24 18:37:44 +0000"
    },
    "done": true
  },
  "minecraft:recipes/building_blocks/polished_andesite": {
    "criteria": {
      "has_andesite": "2024-10-24 18:37:44 +0000"
    },
    "done": true
  },
  "everycomp:recipes/everycomp/hc/regions_unexplored/magnolia_pillar_trim": {
    "criteria": {
      "has_planks": "2024-10-24 17:45:28 +0000"
    },
    "done": true
  },
  "create:recipes/create.palettes/andesite_pillar_from_stone_types_andesite_stonecutting": {
    "criteria": {
      "has_stone_types_andesite": "2024-10-24 18:37:44 +0000"
    },
    "done": true
  },
  "regions_unexplored:recipes/ru_main/jungle_branch_from_jungle_log": {
    "criteria": {
      "has_log": "2024-10-24 17:30:23 +0000"
    },
    "done": true
  },
  "decorative_blocks:recipes/decorations/torch_from_chandelier": {
    "criteria": {
      "has_torch": "2024-10-24 17:38:27 +0000"
    },
    "done": true
  },
  "minecraft:recipes/redstone/iron_door": {
    "criteria": {
      "has_iron_ingot": "2024-10-24 17:51:38 +0000"
    },
    "done": true
  },
  "extradelight:recipes/misc/mortar/light_gray_dye": {
    "criteria": {
      "Recipes": "2024-10-24 19:16:59 +0000"
    },
    "done": true
  },
  "create:recipes/create.palettes/small_andesite_brick_wall_from_stone_types_andesite_stonecutting": {
    "criteria": {
      "has_stone_types_andesite": "2024-10-24 18:37:44 +0000"
    },
    "done": true
  },
  "farmersrespite:recipes/farmersrespite/brewing/hot_cocoa": {
    "criteria": {
      "has_any_ingredient": "2024-10-24 17:30:31 +0000"
    },
    "done": true
  },
  "create:recipes/create.palettes/copper_bars_from_ingots_copper_stonecutting": {
    "criteria": {
      "has_ingots_copper": "2024-10-24 18:44:07 +0000"
    },
    "done": true
  },
  "minecraft:recipes/decorations/composter": {
    "criteria": {
      "has_wood_slab": "2024-10-24 19:18:56 +0000"
    },
    "done": true
  },
  "minecraft:recipes/misc/copper_ingot_from_smelting_raw_copper": {
    "criteria": {
      "has_raw_copper": "2024-10-24 18:40:07 +0000"
    },
    "done": true
  },
  "immersive_aircraft:misc/aircraftery": {
    "criteria": {
      "has_item": "2024-10-24 17:51:38 +0000"
    },
    "done": true
  },
  "toms_storage:unlock_dia_pearl": {
    "criteria": {
      "inv_changed-ender_pearl": "2024-10-24 17:28:33 +0000",
      "inv_changed-diamond": "2024-10-24 17:28:33 +0000"
    },
    "done": true
  },
  "handcrafted:recipes/misc/andesite_corner_trim": {
    "criteria": {
      "has_corner_trim": "2024-10-24 18:37:44 +0000"
    },
    "done": true
  },
  "regions_unexplored:recipes/ru_main/mauve_branch_from_mauve_log": {
    "criteria": {
      "has_log": "2024-10-24 18:31:24 +0000"
    },
    "done": true
  },
  "create:recipes/create.palettes/crafting/kinetics/pink_seat": {
    "criteria": {
      "has_wool": "2024-10-24 17:53:48 +0000"
    },
    "done": true
  },
  "minecraft:recipes/transportation/jungle_boat": {
    "criteria": {
      "in_water": "2024-10-24 17:39:57 +0000"
    },
    "done": true
  },
  "minecraft:recipes/building_blocks/jungle_stairs": {
    "criteria": {
      "has_planks": "2024-10-24 17:32:29 +0000"
    },
    "done": true
  },
  "extradelight:recipes/misc/mortar/white_dye": {
    "criteria": {
      "Recipes": "2024-10-24 19:46:24 +0000"
    },
    "done": true
  },
  "minecraft:recipes/redstone/heavy_weighted_pressure_plate": {
    "criteria": {
      "has_iron_ingot": "2024-10-24 17:51:38 +0000"
    },
    "done": true
  },
  "minecraft:recipes/transportation/dark_oak_boat": {
    "criteria": {
      "in_water": "2024-10-24 17:39:57 +0000"
    },
    "done": true
  },
  "minecraft:recipes/transportation/carrot_on_a_stick": {
    "criteria": {
      "has_carrot": "2024-10-24 19:23:01 +0000"
    },
    "done": true
  },
  "extradelight:recipes/extradelight.items/omelette_mix_mix_cheese": {
    "criteria": {
      "Recipes": "2024-10-24 19:23:01 +0000"
    },
    "done": true
  },
  "minecraft:recipes/building_blocks/pink_wool": {
    "criteria": {
      "has_white_wool": "2024-10-24 17:53:48 +0000"
    },
    "done": true
  },
  "minecraft:recipes/decorations/andesite_wall_from_andesite_stonecutting": {
    "criteria": {
      "has_andesite": "2024-10-24 18:37:44 +0000"
    },
    "done": true
  },
  "minecraft:recipes/redstone/jungle_door": {
    "criteria": {
      "has_planks": "2024-10-24 17:32:29 +0000"
    },
    "done": true
  },
  "regions_unexplored:recipes/ru_main/pink_magnolia_sapling_from_pink_magnolia_shrub": {
    "criteria": {
      "has_pink_magnolia_shrub": "2024-10-24 17:31:19 +0000"
    },
    "done": true
  },
  "minecraft:recipes/redstone/jungle_fence_gate": {
    "criteria": {
      "has_planks": "2024-10-24 17:32:29 +0000"
    },
    "done": true
  },
  "regions_unexplored:recipes/ru_main/pine_boat": {
    "criteria": {
      "in_water": "2024-10-24 17:39:57 +0000"
    },
    "done": true
  },
  "create_dd:recipes/misc/crafting/coal_from_coal_piece": {
    "criteria": {
      "has_coal": "2024-10-24 17:33:03 +0000"
    },
    "done": true
  },
  "everycomp:recipes/everycomp/c/regions_unexplored/magnolia_window": {
    "criteria": {
      "has_planks": "2024-10-24 17:45:28 +0000"
    },
    "done": true
  },
  "extradelight:recipes/misc/poppy_red": {
    "criteria": {
      "Recipes": "2024-10-24 19:16:58 +0000"
    },
    "done": true
  },
  "extradelight:recipes/extradelight.aesthetic/ribbon_bow_magenta": {
    "criteria": {
      "magenta_bow": "2024-10-24 17:53:48 +0000"
    },
    "done": true
  },
  "regions_unexplored:recipes/misc/light_gray_dye_from_daisy": {
    "criteria": {
      "has_daisy": "2024-10-24 18:34:45 +0000"
    },
    "done": true
  },
  "everycomp:recipes/everycomp/db/regions_unexplored/magnolia_support": {
    "criteria": {
      "has_planks": "2024-10-24 17:45:28 +0000"
    },
    "done": true
  },
  "goodending:recipes/muddy_oak_boat": {
    "criteria": {
      "in_water": "2024-10-24 17:39:57 +0000"
    },
    "done": true
  },
  "createindustry:recipes/createindustry.building/copper_frame_from_ingots_copper_stonecutting": {
    "criteria": {
      "has_ingots_copper": "2024-10-24 18:44:07 +0000"
    },
    "done": true
  },
  "extradelight:recipes/extradelight.items/rack_lamb_block_item": {
    "criteria": {
      "has_any_ingredient": "2024-10-24 19:46:36 +0000"
    },
    "done": true
  },
  "create:recipes/create.base/crafting/kinetics/steam_whistle": {
    "criteria": {
      "has_item": "2024-10-24 18:44:07 +0000"
    },
    "done": true
  },
  "regions_unexplored:recipes/ru_main/magenta_painted_planks": {
    "criteria": {
      "has_planks": "2024-10-24 17:32:29 +0000"
    },
    "done": true
  },
  "extradelight:recipes/extradelight.aesthetic/ribbon_bow_cyan": {
    "criteria": {
      "cyan_bow": "2024-10-24 17:53:48 +0000"
    },
    "done": true
  },
  "minecraft:recipes/decorations/soul_campfire": {
    "criteria": {
      "has_stick": "2024-10-24 17:28:59 +0000"
    },
    "done": true
  },
  "regions_unexplored:recipes/ru_main/enchanted_birch_sapling_from_enchanted_birch_shrub": {
    "criteria": {
      "has_enchanted_birch_shrub": "2024-10-24 19:42:31 +0000"
    },
    "done": true
  },
  "create:recipes/create.base/crafting/kinetics/fluid_pipe": {
    "criteria": {
      "has_item": "2024-10-24 18:44:07 +0000"
    },
    "done": true
  },
  "minecraft:story/smelt_iron": {
    "criteria": {
      "iron": "2024-10-24 17:51:38 +0000"
    },
    "done": true
  },
  "regions_unexplored:recipes/ru_main/mossy_stone_from_smelting_mossy_cobblestone": {
    "criteria": {
      "has_mossy_cobblestone": "2024-10-24 19:52:19 +0000"
    },
    "done": true
  },
  "design_decor:recipes/design_decor/andesite_castel_tiles_from_stone_types_andesite_stonecutting": {
    "criteria": {
      "has_stone_types_andesite": "2024-10-24 18:37:44 +0000"
    },
    "done": true
  },
  "decorative_blocks:recipes/decorative_blocks.general/jungle_support": {
    "criteria": {
      "has_plank": "2024-10-24 17:32:29 +0000"
    },
    "done": true
  },
  "minecraft:recipes/building_blocks/mossy_cobblestone_stairs": {
    "criteria": {
      "has_mossy_cobblestone": "2024-10-24 19:52:19 +0000"
    },
    "done": true
  },
  "minecraft:recipes/building_blocks/bone_block": {
    "criteria": {
      "has_bone_meal": "2024-10-24 19:46:24 +0000"
    },
    "done": true
  },
  "DataVersion": 3120
}